4x4 TOOLS AND FASTENERS,156,MINDS-i TOOL,419,1,0
4x4 TOOLS AND FASTENERS,156,#1 PHILLIPS SCREWDRIVER,1,1,1
4x4 TOOLS AND FASTENERS,156,7mm HEX DRIVER DYNAMITE,206,1,2
4x4 TOOLS AND FASTENERS,156,"1/4"" FLAT WRENCH",42,1,3
4x4 TOOLS AND FASTENERS,156,1.5mm Hex Key,39,1,4
4x4 TOOLS AND FASTENERS,156,1/16 SHORT ARM HEX KEY,40,1,5
4x4 TOOLS AND FASTENERS,156,3/32 HEX KEY,118,1,6
4x4 TOOLS AND FASTENERS,156,"CABLE TIE 8""",273,5,7
4x4 TOOLS AND FASTENERS,156,"CABLE TIE 4""",272,10,8
ELECTRIC CAR BAG 1: BEAMS,319,15-BEAM,60,2,9
ELECTRIC CAR BAG 1: BEAMS,319,11-BEAM,51,9,10
ELECTRIC CAR BAG 1: BEAMS,319,10-BEAM,47,2,11
ELECTRIC CAR BAG 1: BEAMS,319,8-BEAM,208,2,12
ELECTRIC CAR BAG 1: BEAMS,319,7-BEAM,198,7,13
ELECTRIC CAR BAG 1: BEAMS,319,6-BEAM,178,6,14
ELECTRIC CAR BAG 1: BEAMS,319,5-BEAM,162,3,15
ELECTRIC CAR BAG 1: BEAMS,319,4-BEAM,137,24,16
ELECTRIC CAR BAG 1: BEAMS,319,2-BEAM,68,4,17
4mm AXLE REAR HUB,146,REAR WHEEL HUB,485,2,18
4mm AXLE REAR HUB,146,12mm WHEEL NUT,55,3,19
4mm AXLE REAR HUB,146,6x12x4mm BEARING,183,4,20
4mm AXLE REAR HUB,146,M4 WHEEL END SHAFT,405,2,21
4mm AXLE REAR HUB,146,U-JOINT SET SCREW,551,3,22
4mm AXLE REAR HUB,146,M4 WASHER,404,3,23
4mm AXLE REAR HUB,146,M4-0.7 NYLOCK,407,3,24
4mm AXLE REAR HUB,146,2.5x10mm DOWEL PIN,78,3,25
4mm AXLE STEERING HUB,147,M4 WHEEL END SHAFT,405,2,26
4mm AXLE STEERING HUB,147,12mm WHEEL NUT,55,3,27
4mm AXLE STEERING HUB,147,M4-0.7 NYLOCK,407,3,28
4mm AXLE STEERING HUB,147,M4 WASHER,404,3,29
4mm AXLE STEERING HUB,147,U-JOINT SET SCREW,551,3,30
4mm AXLE STEERING HUB,147,2.5x10mm DOWEL PIN,78,3,31
4mm AXLE STEERING HUB,147,6x12x4mm BEARING,183,4,32
4mm AXLE STEERING HUB,147,FRONT WHEEL KNUCKLE,339,2,33
4mm AXLE STEERING HUB,147,FRONT WHEEL HUB,338,2,34
FOUNDATIONS LAB 4x4 (90 Hour),335,"CORRUGATED BOXES 26x18x16""",290,1,35
FOUNDATIONS LAB 4x4 (90 Hour),335,4x4,148,1,36
FOUNDATIONS LAB 4x4 (90 Hour),335,STORAGE BIN,521,4,37
FOUNDATIONS LAB 4x4 (90 Hour),335,TACHOMETER,528,1,38
FOUNDATIONS LAB 4x4 (90 Hour),335,FUNCTION DIGITAL MULTIMETER,340,1,39
FOUNDATIONS LAB 4x4 (90 Hour),335,HS-485HB SERVO (With Hardware),367,3,40
FOUNDATIONS LAB 4x4 (90 Hour),335,NIMH BATTERY,449,1,41
FOUNDATIONS LAB 4x4 (90 Hour),335,15LB TUBE SCALE,62,1,42
FOUNDATIONS LAB 4x4 (90 Hour),335,"1/16"" HEX DRIVER",41,1,43
FOUNDATIONS LAB 4x4 (90 Hour),335,"3/32"" HEX DRIVER",119,1,44
FOUNDATIONS LAB 4x4 (90 Hour),335,INERTIA PLUG,372,1,45
FOUNDATIONS LAB 4x4 (90 Hour),335,GEAR REDUCER,343,1,46
FOUNDATIONS LAB 4x4 (90 Hour),335,QTI - LF PCB ASSY,480,4,47
FOUNDATIONS LAB 4x4 (90 Hour),335,3 PIN CABLE FLAT - SEPERATE,98,4,48
FOUNDATIONS LAB 4x4 (90 Hour),335,SERVO LINKAGE,500,1,49
FOUNDATIONS LAB 4x4 (90 Hour),335,SCREW ADAPTER,496,1,50
FOUNDATIONS LAB 4x4 (90 Hour),335,ROTATING CONNECTORS,492,1,51
FOUNDATIONS LAB 4x4 (90 Hour),335,MINDS-i TOOL,419,2,52
FOUNDATIONS LAB 4x4 (90 Hour),335,250 PIECE,89,1,53
FOUNDATIONS LAB 4x4 (90 Hour),335,CATAPULT SUPPORT MATERIAL,279,1,54
FOUNDATIONS LAB 4x4 (90 Hour),335,ARDUINO UPGRADE,242,1,55
FOUNDATIONS LAB 4x4 (90 Hour),335,TGY-I6S RADIO CONTROLLER,539,1,56
4x4,148,CORRUGATED BOXES 18x12x6,288,1,57
4x4,148,4x4 WHEELS AND TIRES,157,1,58
4x4,148,320A BRUSHED ESC,131,1,59
4x4,148,NIMH BATTERY,449,1,60
4x4,148,LIPO / NIMH CHARGER,387,1,61
4x4,148,TAMIYA CHARGER ADAPTER,529,1,62
4x4,148,HS-485HB SERVO (With Hardware),367,1,63
4x4,148,4x4 BAG 1: BEAMS,150,1,64
4x4,148,4x4 BAG 2: BEAMS 2,151,1,65
4x4,148,4x4 BAG 3: CONNECTORS,152,1,66
4x4,148,4x4 ACCESSORIES,149,1,67
4x4,148,MOTOR GEARBOX,428,1,68
4x4,148,DIFFERENTIAL W/ SPOOL,301,2,69
4x4,148,4mm AXLE REAR HUB,146,1,70
4x4,148,4mm AXLE STEERING HUB,147,1,71
4x4,148,4x4 STEERING,155,1,72
4x4,148,4x4 DRIVELINE,153,1,73
4x4,148,SMALL 4-LINK BARS,512,1,74
4x4,148,MEDIUM 4-LINK BARS,415,1,75
4x4,148,90mm SHOCKS KIT,223,2,76
4x4,148,LEAF SPRINGS PAIR,386,2,77
4x4,148,10-58 GEAR SET,46,1,78
4x4,148,5000 RPM MOTOR WITH WIRE,170,1,79
4x4,148,4x4 TOOLS AND FASTENERS,156,1,80
4x4,148,4x4 INSTRUCTIONS,154,1,81
4x4,148,SUPPORT ARM,524,4,82
ARDUINO ROBOT TOOLS,241,MINDS-i TOOL,419,1,83
ARDUINO ROBOT TOOLS,241,#1 PHILLIPS SCREWDRIVER,1,1,84
ARDUINO ROBOT TOOLS,241,"1/4"" FLAT WRENCH",42,1,85
ARDUINO ROBOT TOOLS,241,3/32 HEX KEY,118,1,86
ARDUINO ROBOT TOOLS,241,"CABLE TIE 8""",273,2,87
ARDUINO ROBOT TOOLS,241,"CABLE TIE 4""",272,2,88
MR2 BAG 1: PLATES,432,15-BEAM,60,8,89
MR2 BAG 1: PLATES,432,MULTIROTOR BASE PLATES SET,440,1,90
6x6 BAG 1: BEAMS 1,186,2-BEAM,68,4,91
6x6 BAG 1: BEAMS 1,186,15-BEAM,60,8,92
6x6 BAG 1: BEAMS 1,186,7-BEAM,198,6,93
6x6 BAG 1: BEAMS 1,186,13-BEAM,56,10,94
6x6 BAG 1: BEAMS 1,186,11-BEAM,51,12,95
6x6 BAG 1: BEAMS 1,186,10-BEAM,47,4,96
6x6 BAG 1: BEAMS 1,186,8-BEAM,208,4,97
ARDUINO ROBOT BAG 1: BEAMS,235,3-BEAM,105,4,98
ARDUINO ROBOT BAG 1: BEAMS,235,4-BEAM,137,3,99
ARDUINO ROBOT BAG 1: BEAMS,235,5-BEAM,162,10,100
ARDUINO ROBOT BAG 1: BEAMS,235,6-BEAM,178,6,101
ARDUINO ROBOT BAG 1: BEAMS,235,7-BEAM,198,3,102
ARDUINO ROBOT BAG 1: BEAMS,235,8-BEAM,208,2,103
ARDUINO ROBOT BAG 1: BEAMS,235,9-BEAM,221,3,104
ARDUINO ROBOT BAG 1: BEAMS,235,10-BEAM,47,2,105
ARDUINO ROBOT BAG 1: BEAMS,235,11-BEAM,51,4,106
ARDUINO ROBOT BAG 1: BEAMS,235,12-BEAM,54,4,107
ARDUINO ROBOT BAG 1: BEAMS,235,13-BEAM,56,2,108
ARDUINO ROBOT BAG 1: BEAMS,235,15-BEAM,60,10,109
250 PIECE BAG 1: BEAMS,90,2-BEAM,68,4,110
250 PIECE BAG 1: BEAMS,90,3-BEAM,105,4,111
250 PIECE BAG 1: BEAMS,90,4-BEAM,137,4,112
250 PIECE BAG 1: BEAMS,90,5-BEAM,162,4,113
250 PIECE BAG 1: BEAMS,90,6-BEAM,178,4,114
250 PIECE BAG 1: BEAMS,90,7-BEAM,198,4,115
250 PIECE BAG 1: BEAMS,90,8-BEAM,208,4,116
250 PIECE BAG 1: BEAMS,90,9-BEAM,221,4,117
250 PIECE BAG 1: BEAMS,90,10-BEAM,47,4,118
250 PIECE BAG 1: BEAMS,90,11-BEAM,51,4,119
250 PIECE BAG 1: BEAMS,90,12-BEAM,54,2,120
250 PIECE BAG 1: BEAMS,90,13-BEAM,56,2,121
250 PIECE BAG 1: BEAMS,90,14-BEAM,58,2,122
250 PIECE BAG 1: BEAMS,90,15-BEAM,60,2,123
250 PIECE BAG 1: BEAMS,90,SUPPORT ARM,524,2,124
UGV UPGRADE BAG 1: BEAMS,557,11-45 BEAM,50,1,125
UGV UPGRADE BAG 1: BEAMS,557,2-45 BEAM,67,5,126
UGV UPGRADE BAG 1: BEAMS,557,15-BEAM,60,1,127
UGV UPGRADE BAG 1: BEAMS,557,13-BEAM,56,1,128
UGV UPGRADE BAG 1: BEAMS,557,9-BEAM,221,2,129
UGV UPGRADE BAG 1: BEAMS,557,8-BEAM,208,2,130
UGV UPGRADE BAG 1: BEAMS,557,7-BEAM,198,1,131
UGV UPGRADE BAG 1: BEAMS,557,6-BEAM,178,4,132
UGV UPGRADE BAG 1: BEAMS,557,5-BEAM,162,3,133
UGV UPGRADE BAG 1: BEAMS,557,4-BEAM,137,7,134
UGV UPGRADE BAG 1: BEAMS,557,3-BEAM,105,4,135
UGV UPGRADE BAG 1: BEAMS,557,TRANSITION,541,19,136
COMPETITION KIT UAV,284,COMPETITION MULTIROTOR,285,1,137
COMPETITION KIT UAV,284,PID TEST RACK,462,1,138
COMPETITION KIT UAV,284,LIPO / NIMH CHARGER,387,1,139
COMPETITION KIT UAV,284,SAFETY GLASSES,495,3,140
COMPETITION KIT UAV,284,MINDS-i TOOL,419,1,141
COMPETITION KIT UAV,284,10-BEAM,47,2,142
COMPETITION KIT UAV,284,15-BEAM,60,2,143
COMPETITION KIT UAV,284,6-BEAM,178,2,144
COMPETITION KIT UAV,284,RED LASER MODULE,486,2,145
COMPETITION KIT UAV,284,LIPOLY SAFETY BAG,390,1,146
4x4 BAG 2: BEAMS 2,151,15-BEAM,60,10,147
4x4 BAG 2: BEAMS 2,151,13-BEAM,56,8,148
4x4 BAG 2: BEAMS 2,151,11-BEAM,51,4,149
4x4 BAG 2: BEAMS 2,151,10-BEAM,47,2,150
4x4 BAG 2: BEAMS 2,151,9-BEAM,221,6,151
4x4 BAG 2: BEAMS 2,151,8-BEAM,208,2,152
4x4 BAG 2: BEAMS 2,151,9-45 BEAM,220,4,153
4x4 BAG 2: BEAMS 2,151,6-45 BEAM,177,4,154
4x4 BAG 2: BEAMS 2,151,4-45 BEAM,136,4,155
4x4 BAG 2: BEAMS 2,151,3-45 BEAM,104,2,156
4x4 BAG 2: BEAMS 2,151,2-45 BEAM,67,2,157
2-BEAM,68,15-BEAM,60,0,158
3-BEAM,105,15-BEAM,60,0,159
4-BEAM,137,15-BEAM,60,0,160
5-BEAM,162,15-BEAM,60,0,161
6-BEAM,178,15-BEAM,60,56,162
7-BEAM,198,15-BEAM,60,56,163
8-BEAM,208,15-BEAM,60,0,164
9-BEAM,221,15-BEAM,60,56,165
10-BEAM,47,15-BEAM,60,56,166
11-BEAM,51,15-BEAM,60,56,167
12-BEAM,54,15-BEAM,60,56,168
13-BEAM,56,15-BEAM,60,56,169
14-BEAM,58,15-BEAM,60,56,170
UAV DRONE LAB,555,MULTIROTOR,439,2,171
UAV DRONE LAB,555,STORAGE BIN,521,4,172
UAV DRONE LAB,555,REALFLIGHT FLIGHT SIMULATOR,484,1,173
UAV DRONE LAB,555,SAFETY GLASSES,495,5,174
UAV DRONE LAB,555,LIPO / NIMH CHARGER,387,1,175
UAV DRONE LAB,555,MINDS-i TOOL,419,2,176
UAV DRONE LAB,555,"3/32"" HEX DRIVER",119,1,177
UAV DRONE LAB,555,PID TEST RACK,462,1,178
UAV DRONE LAB,555,LIPOLY SAFETY BAG,390,1,179
UAV DRONE LAB,555,GIMBAL KIT,349,1,180
UAV DRONE LAB,555,"CORRUGATED BOXES 18x12x10""",287,1,181
UAV DRONE LAB,555,"CORRUGATED BOXES 26x18x16""",290,1,182
MINDS-i TOOL,419,5/32 DRILLROD 3,167,1,183
MINDS-i TOOL,419,BLACK TOOL HANDLE,260,1,184
MULTIROTOR,439,MULTIROTOR INSTRUCTIONS,441,1,185
MULTIROTOR,439,MR2 BAG 1: PLATES,432,1,186
MULTIROTOR,439,MR2 BAG 2: MOTOR MOUNT,433,1,187
MULTIROTOR,439,MR2 BAG 3: ESC,434,1,188
MULTIROTOR,439,MR2 BAG 4: CONNECTORS,435,1,189
MULTIROTOR,439,MR2 BAG 5: LANDING GEAR,436,1,190
MULTIROTOR,439,MR2 BAG 6: TOOLS,437,1,191
MULTIROTOR,439,MR2 BAG 7: APM,438,1,192
MULTIROTOR,439,TGY-I6S RADIO CONTROLLER,539,1,193
MULTIROTOR,439,"5"" DUCT GREEN",158,2,194
MULTIROTOR,439,"5"" DUCT ORANGE",159,2,195
MULTIROTOR,439,LIPO BATTERY,389,2,196
MULTIROTOR,439,3 USB CABLE,103,1,197
MULTIROTOR,439,USB DRIVE,561,1,198
MR2 BAG 2: MOTOR MOUNT,433,2205 MOTOR MOUNT,82,4,199
MR2 BAG 2: MOTOR MOUNT,433,10-BEAM,47,9,200
MR2 BAG 2: MOTOR MOUNT,433,7-BEAM,198,1,201
MR2 BAG 2: MOTOR MOUNT,433,6-BEAM,178,8,202
MR2 BAG 2: MOTOR MOUNT,433,3-BEAM,105,2,203
MR2 BAG 3: ESC,434,MOTOR 2205 - 30A ESC CCW,424,2,204
MR2 BAG 3: ESC,434,MOTOR 2205 - 30A ESC CW,425,2,205
MR2 BAG 3: ESC,434,M3x8mm SCREW,402,16,206
MR2 BAG 3: ESC,434,PROP NUT,469,4,207
MR2 BAG 3: ESC,434,5045 PROPELLER CCW,171,3,208
MR2 BAG 3: ESC,434,5045R PROPELLER CW,172,3,209
MOTOR 2205 - 30A ESC CCW,424,2205 MOTOR,81,1,210
MOTOR 2205 - 30A ESC CCW,424,D-SHOT BULLET ESC,296,1,211
MOTOR 2205 - 30A ESC CCW,424,2mm  GOLD CONNECTORS,94,2,212
MOTOR 2205 - 30A ESC CW,425,2205 MOTOR,81,1,213
MOTOR 2205 - 30A ESC CW,425,D-SHOT BULLET ESC,296,1,214
MOTOR 2205 - 30A ESC CW,425,2mm  GOLD CONNECTORS,94,2,215
MR2 BAG 4: CONNECTORS,435,"#4-40 5/8"" SCREW",16,5,216
MR2 BAG 4: CONNECTORS,435,TRANSITION,541,5,217
MR2 BAG 4: CONNECTORS,435,PANEL-LOCK,458,47,218
MR2 BAG 4: CONNECTORS,435,2-LOCK,73,3,219
MR2 BAG 4: CONNECTORS,435,3-LOCK,111,4,220
MR2 BAG 4: CONNECTORS,435,2-PIN,74,3,221
MR2 BAG 4: CONNECTORS,435,3-PIN,112,4,222
MR2 BAG 4: CONNECTORS,435,1.5-PIN,38,47,223
MR2 BAG 5: LANDING GEAR,436,CLEARANCE THREAD ADAPTER,281,5,224
MR2 BAG 5: LANDING GEAR,436,INTERFERENCE THREAD ADAPTER,374,5,225
MR2 BAG 5: LANDING GEAR,436,WHITE SILICONE CAP,568,4,226
MR2 BAG 5: LANDING GEAR,436,EXTENSION PLUG,330,4,227
MR2 BAG 5: LANDING GEAR,436,#4 WASHER,8,21,228
MR2 BAG 5: LANDING GEAR,436,SHROUD STUD,511,4,229
MR2 BAG 6: TOOLS,437,MINDS-i TOOL,419,1,230
MR2 BAG 6: TOOLS,437,MOTOR SPANNER WRENCH,430,1,231
MR2 BAG 6: TOOLS,437,8mm  HEX DRIVER DYNAMITE,219,1,232
MR2 BAG 6: TOOLS,437,3/32 HEX KEY,118,1,233
MR2 BAG 6: TOOLS,437,"3/8"" 32 OZ. ELASTIC BAND",126,2,234
MR2 BAG 6: TOOLS,437,"CABLE TIE 8""",273,4,235
MR2 BAG 6: TOOLS,437,"CABLE TIE 4""",272,4,236
MR2 BAG 6: TOOLS,437,"VELCRO HOOK 12""",563,1,237
MR2 BAG 6: TOOLS,437,"VELCRO LOOP 12""",565,1,238
MR2 BAG 6: TOOLS,437,VELCRO STRAPS,566,1,239
MR2 BAG 7: APM,438,POWER MODULE WITH BATTERY HARNESS,465,1,240
MR2 BAG 7: APM,438,APM FLIGHT CONTROLLER,229,1,241
MR2 BAG 7: APM,438,GPS,350,1,242
MR2 BAG 7: APM,438,TELEMETRY KIT,536,2,243
MR2 BAG 7: APM,438,MALE TO MALE SERVO LEAD,412,5,244
GIMBAL KIT,349,GIMBAL BAG 1,345,1,245
GIMBAL KIT,349,GIMBAL BAG 2,346,1,246
GIMBAL KIT,349,GIMBAL BAG 3,347,1,247
GIMBAL KIT,349,HS-485HB SERVO (With Hardware),367,1,248
PID TEST RACK,462,"3/4 IN PVC PIPE 12""",125,16,249
PID TEST RACK,462,3/4 IN PVC ELBOWS,123,8,250
PID TEST RACK,462,3/4 IN PVC COUPLING WITH CENTERHOLE,121,4,251
PID TEST RACK,462,3/4 IN PVC CROSS,122,2,252
PID TEST RACK,462,PARACORD 4,460,3,253
POWER MODULE WITH BATTERY HARNESS,465,JST TO BULLET CABLE,378,1,254
POWER MODULE WITH BATTERY HARNESS,465,POWER MODULE WITH XT60 CONNECTORS,466,1,255
POWER MODULE WITH BATTERY HARNESS,465,"SHRINK TUBING 0.75""",510,1,256
6x6 (Super Rover Kit),184,CORRUGATED BOXES 18x12x6,288,1,257
6x6 (Super Rover Kit),184,6x6 WHEELS AND TIRES,195,1,258
6x6 (Super Rover Kit),184,6x6 BAG 1: BEAMS 1,186,1,259
6x6 (Super Rover Kit),184,6x6 BAG 2: BEAMS 2,187,1,260
6x6 (Super Rover Kit),184,6x6 BAG 3: TRANSITIONS,188,1,261
6x6 (Super Rover Kit),184,6x6 BAG 4: CONNECTORS 1,189,1,262
6x6 (Super Rover Kit),184,6x6 BAG 5: CONNECTORS 2,190,1,263
6x6 (Super Rover Kit),184,MOTOR GEARBOX,428,1,264
6x6 (Super Rover Kit),184,DIFFERENTIAL W/ SPOOL,301,2,265
6x6 (Super Rover Kit),184,DUAL OUTPUT DIFFERENTIAL,316,1,266
6x6 (Super Rover Kit),184,5mm AXLE REAR HUB,174,1,267
6x6 (Super Rover Kit),184,5mm AXLE STEERING HUB,175,2,268
6x6 (Super Rover Kit),184,6x6 STEERING,193,2,269
6x6 (Super Rover Kit),184,6x6 DRIVELINE,191,1,270
6x6 (Super Rover Kit),184,6x6 ACCESSORY,185,1,271
6x6 (Super Rover Kit),184,LARGE 4-LINK BARS,380,2,272
6x6 (Super Rover Kit),184,90mm SHOCKS KIT,223,3,273
6x6 (Super Rover Kit),184,10-58 GEAR SET,46,1,274
6x6 (Super Rover Kit),184,5000 RPM MOTOR WITH WIRE,170,1,275
6x6 (Super Rover Kit),184,HS-485HB SERVO (With Hardware),367,2,276
6x6 (Super Rover Kit),184,6x6 TOOLS AND FASTENERS,194,1,277
6x6 (Super Rover Kit),184,320A BRUSHED ESC,131,1,278
6x6 (Super Rover Kit),184,NIMH BATTERY,449,1,279
6x6 (Super Rover Kit),184,LIPO / NIMH CHARGER,387,1,280
6x6 (Super Rover Kit),184,TAMIYA CHARGER ADAPTER,529,1,281
6x6 (Super Rover Kit),184,SUPPORT ARM,524,16,282
6x6 (Super Rover Kit),184,SERVO Y-HARNESS W/REVERSER,506,1,283
6x6 (Super Rover Kit),184,6x6 INSTRUCTIONS,192,1,284
6x6 BAG 2: BEAMS 2,187,12-BEAM,54,32,285
6x6 BAG 2: BEAMS 2,187,9-BEAM,221,20,286
6x6 BAG 3: TRANSITIONS,188,TRANSITION,541,35,287
6x6 BAG 3: TRANSITIONS,188,DUAL TRANSITION,317,16,288
6x6 BAG 3: TRANSITIONS,188,2-45 BEAM,67,4,289
6x6 BAG 3: TRANSITIONS,188,3-45 BEAM,104,12,290
6x6 BAG 3: TRANSITIONS,188,8-45 BEAM,207,4,291
6x6 BAG 4: CONNECTORS 1,189,3-LOCK,111,69,292
6x6 BAG 4: CONNECTORS 1,189,3-ROTATE,113,25,293
6x6 BAG 4: CONNECTORS 1,189,3-PIN,112,94,294
6x6 BAG 5: CONNECTORS 2,190,2-PIN,74,147,295
6x6 BAG 5: CONNECTORS 2,190,2-LOCK,73,130,296
6x6 BAG 5: CONNECTORS 2,190,2-ROTATE,75,17,297
6x6 BAG 5: CONNECTORS 2,190,1.5-PIN,38,25,298
6x6 BAG 5: CONNECTORS 2,190,1.5-LOCK,37,25,299
MOTOR GEARBOX,428,MOTOR CASE A,426,1,300
MOTOR GEARBOX,428,MOTOR CASE B,427,1,301
MOTOR GEARBOX,428,BATTERY CAP,256,2,302
MOTOR GEARBOX,428,"#4-40 3/4"" SCREW",14,5,303
MOTOR GEARBOX,428,#4 WASHER,8,5,304
MOTOR GEARBOX,428,M3x6mm SCREW,401,3,305
MOTOR GEARBOX,428,M3 WASHER,398,3,306
MOTOR GEARBOX,428,"#4-40 3/8"" SCREW",15,4,307
MOTOR GEARBOX,428,"#4-40 1/4"" NUT",13,8,308
MOTOR GEARBOX,428,6x12x4mm BEARING,183,2,309
MOTOR GEARBOX,428,MOTOR SHAFT,429,1,310
DIFFERENTIAL W/ SPOOL,301,DIFFERENTIAL CASE,298,2,311
DIFFERENTIAL W/ SPOOL,301,AXLE HOUSING,250,2,312
DIFFERENTIAL W/ SPOOL,301,RING AND PINION GEAR SET,488,1,313
DIFFERENTIAL W/ SPOOL,301,DIFFERENTIAL GEAR SET,299,1,314
DIFFERENTIAL W/ SPOOL,301,DIFFERENTIAL SPOOL,300,1,315
DIFFERENTIAL W/ SPOOL,301,"#4-40 3/4"" SCREW",14,3,316
DIFFERENTIAL W/ SPOOL,301,#4 WASHER,8,3,317
DIFFERENTIAL W/ SPOOL,301,"#4-40 1/4"" NUT",13,3,318
DIFFERENTIAL W/ SPOOL,301,10x15x4mm BEARING,49,2,319
DIFFERENTIAL W/ SPOOL,301,6x12x4mm BEARING,183,2,320
DUAL OUTPUT DIFFERENTIAL,316,CENTER DIFFERENTIAL CASE,280,2,321
DUAL OUTPUT DIFFERENTIAL,316,AXLE HOUSING,250,2,322
DUAL OUTPUT DIFFERENTIAL,316,RING AND PINION GEAR SET,488,2,323
DUAL OUTPUT DIFFERENTIAL,316,DIFFERENTIAL GEAR SET,299,1,324
DUAL OUTPUT DIFFERENTIAL,316,"#4-40 3/4"" SCREW",14,5,325
DUAL OUTPUT DIFFERENTIAL,316,#4 WASHER,8,5,326
DUAL OUTPUT DIFFERENTIAL,316,"#4-40 1/4"" NUT",13,5,327
DUAL OUTPUT DIFFERENTIAL,316,10x15x4mm BEARING,49,2,328
DUAL OUTPUT DIFFERENTIAL,316,6x12x4mm BEARING,183,4,329
5mm AXLE REAR HUB,174,REAR WHEEL HUB,485,2,330
5mm AXLE REAR HUB,174,M5 WHEEL END SHAFT,409,2,331
5mm AXLE REAR HUB,174,17mm WHEEL NUT,66,3,332
5mm AXLE REAR HUB,174,M5-0.8 NYLOCK,410,3,333
5mm AXLE REAR HUB,174,M5 WASHER,408,3,334
5mm AXLE REAR HUB,174,U-JOINT SET SCREW,551,3,335
5mm AXLE REAR HUB,174,2.5x10mm DOWEL PIN,78,3,336
5mm AXLE REAR HUB,174,6x12x4mm BEARING,183,4,337
5mm AXLE STEERING HUB,175,FRONT WHEEL KNUCKLE,339,2,338
5mm AXLE STEERING HUB,175,FRONT WHEEL HUB,338,2,339
5mm AXLE STEERING HUB,175,17mm WHEEL NUT,66,3,340
5mm AXLE STEERING HUB,175,M5 WHEEL END SHAFT,409,2,341
5mm AXLE STEERING HUB,175,6x12x4mm BEARING,183,4,342
5mm AXLE STEERING HUB,175,M5-0.8 NYLOCK,410,3,343
5mm AXLE STEERING HUB,175,M5 WASHER,408,3,344
5mm AXLE STEERING HUB,175,U-JOINT SET SCREW,551,3,345
5mm AXLE STEERING HUB,175,2.5x10mm DOWEL PIN,78,3,346
6x6 STEERING,193,STEERING BRACKET,518,1,347
6x6 STEERING,193,STEERING PLATE,519,1,348
6x6 STEERING,193,STEERING BAR,517,1,349
6x6 STEERING,193,SERVO MOUNT,502,2,350
6x6 STEERING,193,"#4-40 3/8"" SCREW",15,5,351
6x6 STEERING,193,"3/16"" BALL STUD",115,7,352
6x6 STEERING,193,LONG SHANK ROD ENDS BLACK/12,393,6,353
6x6 STEERING,193,HVY DUTY ROD ENDS BLACK/12,371,2,354
6x6 STEERING,193,"#4-40 x 1"" THREAD ROD",17,1,355
6x6 STEERING,193,"#4-40 x 2-3/4"" THREAD ROD",19,2,356
6x6 STEERING,193,"#4-40 x 3-3/4"" THREAD ROD",20,2,357
6x6 DRIVELINE,191,U-JOINT SET SCREW,551,18,358
6x6 DRIVELINE,191,7-DRIVELINE MALE ASSEMBLY,202,2,359
6x6 DRIVELINE,191,7-DRIVELINE FEMALE ASSEMBLY,200,2,360
6x6 DRIVELINE,191,8-DRIVELINE FEMALE ASSEMBLY,210,1,361
6x6 DRIVELINE,191,8-DRIVELINE MALE ASSEMBLY,212,1,362
6x6 DRIVELINE,191,6-DRIVELINE MALE ASSEMBLY,182,4,363
6x6 DRIVELINE,191,6-DRIVELINE FEMALE ASSEMBLY,180,4,364
6x6 DRIVELINE,191,1-DRIVELINE FEMALE ASSEMBLY,33,2,365
6x6 DRIVELINE,191,1-DRIVELINE MALE ASSEMBLY,35,2,366
6x6 ACCESSORY,185,CLEARANCE THREAD ADAPTER,281,44,367
6x6 ACCESSORY,185,"#4-40 1-3/8"" SCREW",11,4,368
6x6 ACCESSORY,185,"2.0"" THREAD COLLAR",76,2,369
6x6 ACCESSORY,185,"#4-40 1"" SCREW",10,4,370
6x6 ACCESSORY,185,"1.2"" THREAD COLLAR",36,4,371
6x6 ACCESSORY,185,ANTENNA MOUNT,228,1,372
LARGE 4-LINK BARS,380,ROD END/BALL CONNECTOR (6),491,8,373
LARGE 4-LINK BARS,380,ROD END BALL,490,8,374
LARGE 4-LINK BARS,380,"4.8"" FOUR-LINK ARM",143,4,375
90mm SHOCKS KIT,223,INTERFERENCE THREAD ADAPTER,374,4,376
90mm SHOCKS KIT,223,CLEARANCE THREAD ADAPTER,281,4,377
90mm SHOCKS KIT,223,"#4-40 1-3/8"" SCREW",11,4,378
90mm SHOCKS KIT,223,#4 WASHER,8,4,379
90mm SHOCKS KIT,223,90mm SHOCK,222,2,380
90mm SHOCKS KIT,223,SHOCK MOUNT,508,2,381
10-58 GEAR SET,46,10 TOOTH PINION GEAR,44,1,382
10-58 GEAR SET,46,58 TOOTH SPUR GEAR,173,1,383
10-58 GEAR SET,46,PINION SET SCREW,464,1,384
5000 RPM MOTOR WITH WIRE,170,7.2V 5000 RPM DC MOTOR,204,1,385
5000 RPM MOTOR WITH WIRE,170,MOTOR WIRES,431,1,386
5000 RPM MOTOR WITH WIRE,170,5000 RPM MOTOR LABEL,169,1,387
HS-485HB SERVO (With Hardware),367,HS-485HB Karbonite Gear BB Servo,366,1,388
HS-485HB SERVO (With Hardware),367,STEERING SERVO HORN,520,1,389
HS-485HB SERVO (With Hardware),367,LONG SERVO HORN,392,1,390
HS-485HB SERVO (With Hardware),367,ROBOT SERVO HORN,489,1,391
6x6 TOOLS AND FASTENERS,194,MINDS-i TOOL,419,1,392
6x6 TOOLS AND FASTENERS,194,#1 PHILLIPS SCREWDRIVER,1,1,393
6x6 TOOLS AND FASTENERS,194,8mm  HEX DRIVER DYNAMITE,219,1,394
6x6 TOOLS AND FASTENERS,194,1.5mm Hex Key,39,1,395
6x6 TOOLS AND FASTENERS,194,1/16 SHORT ARM HEX KEY,40,1,396
6x6 TOOLS AND FASTENERS,194,3/32 HEX KEY,118,1,397
6x6 TOOLS AND FASTENERS,194,"1/4"" FLAT WRENCH",42,1,398
6x6 TOOLS AND FASTENERS,194,"CABLE TIE 8""",273,5,399
6x6 TOOLS AND FASTENERS,194,"CABLE TIE 4""",272,10,400
6x6 WHEELS AND TIRES,195,6x6 Wheel,196,6,401
6x6 WHEELS AND TIRES,195,HEX ADAPTER 17mm,363,6,402
FOUNDATIONS LAB 6x6 (90 Hour),336,"CORRUGATED BOXES 26x18x16""",290,1,403
FOUNDATIONS LAB 6x6 (90 Hour),336,STORAGE BIN,521,4,404
FOUNDATIONS LAB 6x6 (90 Hour),336,6x6 (Super Rover Kit),184,1,405
FOUNDATIONS LAB 6x6 (90 Hour),336,250 PIECE,89,1,406
FOUNDATIONS LAB 6x6 (90 Hour),336,ARDUINO UPGRADE,242,1,407
FOUNDATIONS LAB 6x6 (90 Hour),336,ROTATING CONNECTORS,492,1,408
FOUNDATIONS LAB 6x6 (90 Hour),336,SCREW ADAPTER,496,1,409
FOUNDATIONS LAB 6x6 (90 Hour),336,SERVO LINKAGE,500,1,410
FOUNDATIONS LAB 6x6 (90 Hour),336,CATAPULT SUPPORT MATERIAL,279,1,411
FOUNDATIONS LAB 6x6 (90 Hour),336,HS-485HB SERVO (With Hardware),367,3,412
FOUNDATIONS LAB 6x6 (90 Hour),336,GEAR REDUCER,343,1,413
FOUNDATIONS LAB 6x6 (90 Hour),336,FUNCTION DIGITAL MULTIMETER,340,1,414
FOUNDATIONS LAB 6x6 (90 Hour),336,TACHOMETER,528,1,415
FOUNDATIONS LAB 6x6 (90 Hour),336,15LB TUBE SCALE,62,1,416
FOUNDATIONS LAB 6x6 (90 Hour),336,TGY-I6S RADIO CONTROLLER,539,1,417
FOUNDATIONS LAB 6x6 (90 Hour),336,PING ULTRASONIC RANGE FINDER,463,1,418
FOUNDATIONS LAB 6x6 (90 Hour),336,3 PIN CABLE FLAT - LATCHED,97,1,419
FOUNDATIONS LAB 6x6 (90 Hour),336,QTI - LF PCB ASSY,480,4,420
FOUNDATIONS LAB 6x6 (90 Hour),336,3 PIN CABLE FLAT - SEPERATE,98,4,421
FOUNDATIONS LAB 6x6 (90 Hour),336,NIMH BATTERY,449,1,422
FOUNDATIONS LAB 6x6 (90 Hour),336,INERTIA PLUG,372,1,423
FOUNDATIONS LAB 6x6 (90 Hour),336,MINDS-i TOOL,419,2,424
FOUNDATIONS LAB 6x6 (90 Hour),336,"1/16"" HEX DRIVER",41,1,425
FOUNDATIONS LAB 6x6 (90 Hour),336,"3/32"" HEX DRIVER",119,1,426
250 PIECE,89,250 PIECE BAG 1: BEAMS,90,1,427
250 PIECE,89,250 PIECE BAG 2: 45 BEAMS AND TRANSITIONS,91,1,428
250 PIECE,89,250 PIECE BAG 3: CONNECTORS,92,1,429
ARDUINO UPGRADE,242,ARDUINO UPGRADE INSTRUCTIONS,246,1,430
ARDUINO UPGRADE,242,ARDUINO USER GUIDE INSTRUCTIONS,247,1,431
ARDUINO UPGRADE,242,ARDUINO UPGRADE BAG 1: BEAMS,243,1,432
ARDUINO UPGRADE,242,ARDUINO UPGRADE BAG 2: CONNECTORS,244,1,433
ARDUINO UPGRADE,242,ARDUINO UPGRADE BAG 3: ELECTRONICS,245,1,434
ARDUINO UPGRADE,242,USB DRIVE,561,1,435
ROTATING CONNECTORS,492,2-ROTATE,75,60,436
ROTATING CONNECTORS,492,2-PIN,74,60,437
ROTATING CONNECTORS,492,3-ROTATE,113,40,438
ROTATING CONNECTORS,492,3-PIN,112,40,439
SCREW ADAPTER,496,CLEARANCE THREAD ADAPTER,281,60,440
SCREW ADAPTER,496,INTERFERENCE THREAD ADAPTER,374,20,441
SCREW ADAPTER,496,"#4-40 1"" SCREW",10,10,442
SCREW ADAPTER,496,"#4-40 1-3/8"" SCREW",11,10,443
SCREW ADAPTER,496,3/32 HEX KEY,118,1,444
SERVO LINKAGE,500,SERVO MOUNT,502,6,445
SERVO LINKAGE,500,LONG SHANK ROD ENDS BLACK/12,393,6,446
SERVO LINKAGE,500,"3/8"" BALL STUD",127,6,447
SERVO LINKAGE,500,INTERFERENCE THREAD ADAPTER,374,6,448
SERVO LINKAGE,500,CLEARANCE THREAD ADAPTER,281,6,449
SERVO LINKAGE,500,#4 WASHER,8,6,450
SERVO LINKAGE,500,"#4-40 1/2"" SCREW",12,6,451
SERVO LINKAGE,500,LONG SERVO HORN,392,3,452
SERVO LINKAGE,500,ROBOT SERVO HORN,489,3,453
SERVO LINKAGE,500,STEERING SERVO HORN,520,3,454
SERVO LINKAGE,500,"#4-40 x 3-3/4"" THREAD ROD",20,3,455
SERVO LINKAGE,500,"#4-40 x 2-3/4"" THREAD ROD",19,3,456
SERVO LINKAGE,500,"#4-40 x 1-1/2"" THREAD ROD",18,3,457
CATAPULT SUPPORT MATERIAL,279,FELT CATAPULT MAT,331,1,458
CATAPULT SUPPORT MATERIAL,279,"3/8"" 32 OZ. ELASTIC BAND",126,4,459
CATAPULT SUPPORT MATERIAL,279,1.5-PIN,38,4,460
CATAPULT SUPPORT MATERIAL,279,PANEL-LOCK,458,4,461
CATAPULT SUPPORT MATERIAL,279,VELCRO BALL,562,1,462
BUILD A MOTOR,264,7.2V 5000 RPM DC MOTOR,204,1,463
BUILD A MOTOR,264,BALING WIRE,254,8,464
BUILD A MOTOR,264,BALING WIRE,254,8,465
BUILD A MOTOR,264,TAMIYA PLUG WITH 10cm LEADS FEMALE,534,1,466
SERVO PLATE PLUS HARDWARE,504,SERVO PLATE,503,1,467
SERVO PLATE PLUS HARDWARE,504,PANEL-LOCK,458,4,468
SERVO PLATE PLUS HARDWARE,504,1.5-PIN,38,4,469
SERVO PLATE PLUS HARDWARE,504,#4 WASHER,8,4,470
SERVO PLATE PLUS HARDWARE,504,"#4-40 1/4"" NUT",13,4,471
SERVO PLATE PLUS HARDWARE,504,"#4-40 3/4"" SCREW",14,4,472
ELECTRIC CAR BAG 2: 45-BEAMS AND TRANSITIONS,320,6-45 BEAM,177,2,473
ELECTRIC CAR BAG 2: 45-BEAMS AND TRANSITIONS,320,5-45 BEAM,161,6,474
ELECTRIC CAR BAG 2: 45-BEAMS AND TRANSITIONS,320,4-45 BEAM,136,4,475
ELECTRIC CAR BAG 2: 45-BEAMS AND TRANSITIONS,320,3-45 BEAM,104,2,476
ELECTRIC CAR BAG 2: 45-BEAMS AND TRANSITIONS,320,DUAL TRANSITION,317,6,477
ELECTRIC CAR BAG 2: 45-BEAMS AND TRANSITIONS,320,TRANSITION,541,50,478
ELECTRIC CAR BAG 3: CONNECTORS,321,2-LOCK,73,97,479
ELECTRIC CAR BAG 3: CONNECTORS,321,3-LOCK,111,46,480
ELECTRIC CAR BAG 3: CONNECTORS,321,1.5-LOCK,37,8,481
ELECTRIC CAR BAG 3: CONNECTORS,321,3-ROTATE,113,3,482
ELECTRIC CAR BAG 3: CONNECTORS,321,2-ROTATE,75,8,483
ELECTRIC CAR BAG 3: CONNECTORS,321,PANEL-LOCK,458,14,484
ELECTRIC CAR BAG 3: CONNECTORS,321,2-PIN,74,105,485
ELECTRIC CAR BAG 3: CONNECTORS,321,3-PIN,112,49,486
ELECTRIC CAR BAG 3: CONNECTORS,321,1.5-PIN,38,22,487
ELECTRIC CAR BAG 4: STEERING AND DRIVELINES,322,STEERING BAR,517,1,488
ELECTRIC CAR BAG 4: STEERING AND DRIVELINES,322,STEERING BRACKET,518,1,489
ELECTRIC CAR BAG 4: STEERING AND DRIVELINES,322,STEERING PLATE,519,1,490
ELECTRIC CAR BAG 4: STEERING AND DRIVELINES,322,SERVO MOUNT,502,2,491
ELECTRIC CAR BAG 4: STEERING AND DRIVELINES,322,1-DRIVELINE MALE ASSEMBLY,35,3,492
ELECTRIC CAR BAG 4: STEERING AND DRIVELINES,322,1-DRIVELINE FEMALE ASSEMBLY,33,3,493
ELECTRIC CAR BAG 4: STEERING AND DRIVELINES,322,U-JOINT SET SCREW,551,7,494
ELECTRIC CAR BAG 4: STEERING AND DRIVELINES,322,"3/16"" BALL STUD",115,7,495
ELECTRIC CAR BAG 4: STEERING AND DRIVELINES,322,"#4-40 3/8"" SCREW",15,5,496
ELECTRIC CAR BAG 4: STEERING AND DRIVELINES,322,HVY DUTY ROD ENDS BLACK/12,371,2,497
ELECTRIC CAR BAG 4: STEERING AND DRIVELINES,322,"#4-40 x 1"" THREAD ROD",17,1,498
ELECTRIC CAR BAG 4: STEERING AND DRIVELINES,322,BALL CUPS 13mm,255,4,499
ELECTRIC CAR BAG 4: STEERING AND DRIVELINES,322,"#4-40 x 3/4"" THREAD ROD",21,2,500
ELECTRIC CAR BAG 4: STEERING AND DRIVELINES,322,DRIVELINE YOKE,305,2,501
ELECTRIC CAR LAB,325,"CORRUGATED BOXES 18x12x10""",287,1,502
ELECTRIC CAR LAB,325,STORAGE BIN,521,1,503
ELECTRIC CAR LAB,325,3 Channel Radio,96,1,504
ELECTRIC CAR LAB,325,LIPO / NIMH CHARGER,387,1,505
ELECTRIC CAR LAB,325,FUNCTION DIGITAL MULTIMETER,340,1,506
ELECTRIC CAR LAB,325,COSMETIC PANELS,294,1,507
ELECTRIC CAR LAB,325,BUILD A MOTOR,264,1,508
ELECTRIC CAR LAB,325,RACE CAR WHEELS AND TIRES,481,1,509
ELECTRIC CAR LAB,325,ELECTRIC CAR BAG 1: BEAMS,319,1,510
ELECTRIC CAR LAB,325,ELECTRIC CAR BAG 2: 45-BEAMS AND TRANSITIONS,320,1,511
ELECTRIC CAR LAB,325,ELECTRIC CAR BAG 3: CONNECTORS,321,1,512
ELECTRIC CAR LAB,325,ELECTRIC CAR BAG 4: STEERING AND DRIVELINES,322,1,513
ELECTRIC CAR LAB,325,TAMIYA CHARGER ADAPTER,529,1,514
ELECTRIC CAR LAB,325,MOTOR GEARBOX,428,1,515
ELECTRIC CAR LAB,325,DIFFERENTIAL W/ SPOOL,301,1,516
ELECTRIC CAR LAB,325,4mm AXLE REAR HUB,146,1,517
ELECTRIC CAR LAB,325,4mm AXLE STEERING HUB,147,1,518
ELECTRIC CAR LAB,325,17-58 Gear Set,65,1,519
ELECTRIC CAR LAB,325,23500 RPM MOTOR WITH WIRE,86,1,520
ELECTRIC CAR LAB,325,HS-485HB SERVO (With Hardware),367,1,521
ELECTRIC CAR LAB,325,4x4 TOOLS AND FASTENERS,156,1,522
ELECTRIC CAR LAB,325,320A BRUSHED ESC,131,1,523
ELECTRIC CAR LAB,325,NIMH BATTERY,449,1,524
ELECTRIC CAR LAB,325,ELECTRIC CAR INSTRUCTIONS,324,1,525
17-58 Gear Set,65,17 TOOTH PINION GEAR,64,1,526
17-58 Gear Set,65,58 TOOTH SPUR GEAR,173,1,527
17-58 Gear Set,65,PINION SET SCREW,464,1,528
23500 RPM MOTOR WITH WIRE,86,7.2V 23500 RPM DC MOTOR,203,1,529
23500 RPM MOTOR WITH WIRE,86,23500 RPM MOTOR LABEL,85,1,530
23500 RPM MOTOR WITH WIRE,86,MOTOR WIRES,431,1,531
ARDUINO ROBOT,234,ARDUINO ROBOT BAG 1: BEAMS,235,1,532
ARDUINO ROBOT,234,ARDUINO ROBOT BAG 2: TRANSITIONS,236,1,533
ARDUINO ROBOT,234,ARDUINO ROBOT BAG 3: SCREWS,237,1,534
ARDUINO ROBOT,234,ARDUINO ROBOT BAG 4: CONNECTORS,238,1,535
ARDUINO ROBOT,234,ARDUINO ROBOT BAG 5: ELECTRONICS,239,1,536
ARDUINO ROBOT,234,ARDUINO ROBOT TOOLS,241,1,537
ARDUINO ROBOT,234,CONTINUOUS ROTATION ROBOTIC SERVO (With Hardware),286,2,538
ARDUINO ROBOT,234,NIMH BATTERY,449,1,539
ARDUINO ROBOT,234,LIPO / NIMH CHARGER,387,1,540
ARDUINO ROBOT,234,TAMIYA CHARGER ADAPTER,529,1,541
ARDUINO ROBOT,234,ARDUINO ROBOT INSTRUCTIONS,240,1,542
ARDUINO ROBOT,234,ARDUINO USER GUIDE INSTRUCTIONS,247,1,543
ARDUINO ROBOT,234,USB DRIVE,561,1,544
ARDUINO ROBOT,234,"BAG 12""x20"" 1.5MIL",251,1,545
ARDUINO ROBOT BAG 2: TRANSITIONS,236,INTERFERENCE THREAD ADAPTER,374,7,546
ARDUINO ROBOT BAG 2: TRANSITIONS,236,CLEARANCE THREAD ADAPTER,281,39,547
ARDUINO ROBOT BAG 2: TRANSITIONS,236,2-45 BEAM,67,1,548
ARDUINO ROBOT BAG 2: TRANSITIONS,236,3-45 BEAM,104,4,549
ARDUINO ROBOT BAG 2: TRANSITIONS,236,TRANSITION,541,14,550
ARDUINO ROBOT BAG 2: TRANSITIONS,236,SERVO MOUNT,502,4,551
ARDUINO ROBOT BAG 2: TRANSITIONS,236,SUPPORT ARM,524,2,552
ARDUINO ROBOT BAG 2: TRANSITIONS,236,BATTERY CAP,256,2,553
ARDUINO ROBOT BAG 3: SCREWS,237,"3"" SERVO WHEEL",102,2,554
ARDUINO ROBOT BAG 3: SCREWS,237,"2.0"" THREAD COLLAR",76,2,555
ARDUINO ROBOT BAG 3: SCREWS,237,BLACK SILICONE CAP,259,6,556
ARDUINO ROBOT BAG 3: SCREWS,237,"#4-40 1/4"" NUT",13,4,557
ARDUINO ROBOT BAG 3: SCREWS,237,#4 WASHER,8,18,558
ARDUINO ROBOT BAG 3: SCREWS,237,"#4-40 3/8"" SCREW",15,8,559
ARDUINO ROBOT BAG 3: SCREWS,237,"#4-40 1/2"" SCREW",12,8,560
ARDUINO ROBOT BAG 3: SCREWS,237,"#4-40 3/4"" SCREW",14,5,561
ARDUINO ROBOT BAG 3: SCREWS,237,"#4-40 1"" SCREW",10,4,562
ARDUINO ROBOT BAG 3: SCREWS,237,"#4-40 1-3/8"" SCREW",11,4,563
ARDUINO ROBOT BAG 4: CONNECTORS,238,2-PIN,74,86,564
ARDUINO ROBOT BAG 4: CONNECTORS,238,2-LOCK,73,77,565
ARDUINO ROBOT BAG 4: CONNECTORS,238,2-ROTATE,75,9,566
ARDUINO ROBOT BAG 4: CONNECTORS,238,3-PIN,112,14,567
ARDUINO ROBOT BAG 4: CONNECTORS,238,3-LOCK,111,7,568
ARDUINO ROBOT BAG 4: CONNECTORS,238,3-ROTATE,113,7,569
ARDUINO ROBOT BAG 4: CONNECTORS,238,1.5-PIN,38,5,570
ARDUINO ROBOT BAG 4: CONNECTORS,238,PANEL-LOCK,458,5,571
ARDUINO ROBOT BAG 5: ELECTRONICS,239,ARDUINO BASE PLATE,231,1,572
ARDUINO ROBOT BAG 5: ELECTRONICS,239,ARDUINO BATTERY HARNESS,232,1,573
ARDUINO ROBOT BAG 5: ELECTRONICS,239,ARDUINO LEONARDO,233,1,574
ARDUINO ROBOT BAG 5: ELECTRONICS,239,SENSOR SHIELD,497,1,575
ARDUINO ROBOT BAG 5: ELECTRONICS,239,3 USB CABLE,103,1,576
ARDUINO ROBOT BAG 5: ELECTRONICS,239,PING ULTRASONIC RANGE FINDER,463,1,577
ARDUINO ROBOT BAG 5: ELECTRONICS,239,COLORED PUSH BUTTON,282,2,578
ARDUINO ROBOT BAG 5: ELECTRONICS,239,3 PIN CABLE FLAT - LATCHED,97,3,579
ARDUINO ROBOT BAG 5: ELECTRONICS,239,QTI - LF PCB ASSY,480,3,580
ARDUINO ROBOT BAG 5: ELECTRONICS,239,3 PIN CABLE FLAT - SEPERATE,98,3,581
CONTINUOUS ROTATION ROBOTIC SERVO (With Hardware),286,HSR-2645CRH ROBOT SERVO CONTINUOS ROTATION,370,1,582
CONTINUOUS ROTATION ROBOTIC SERVO (With Hardware),286,ROBOT SERVO HORN,489,1,583
CONTINUOUS ROTATION ROBOTIC SERVO (With Hardware),286,LONG SERVO HORN,392,1,584
CONTINUOUS ROTATION ROBOTIC SERVO (With Hardware),286,STEERING SERVO HORN,520,1,585
ONE YEAR LAB,451,6x6 (Super Rover Kit),184,1,586
ONE YEAR LAB,451,MULTIROTOR,439,2,587
ONE YEAR LAB,451,ARDUINO UPGRADE,242,1,588
ONE YEAR LAB,451,250 PIECE,89,1,589
ONE YEAR LAB,451,ROTATING CONNECTORS,492,1,590
ONE YEAR LAB,451,SCREW ADAPTER,496,1,591
ONE YEAR LAB,451,SERVO LINKAGE,500,1,592
ONE YEAR LAB,451,HS-485HB SERVO (With Hardware),367,3,593
ONE YEAR LAB,451,QTI - LF PCB ASSY,480,4,594
ONE YEAR LAB,451,GEAR REDUCER,343,1,595
ONE YEAR LAB,451,NIMH BATTERY,449,1,596
ONE YEAR LAB,451,MINDS-i TOOL,419,2,597
ONE YEAR LAB,451,"1/16"" HEX DRIVER",41,1,598
ONE YEAR LAB,451,"3/32"" HEX DRIVER",119,1,599
ONE YEAR LAB,451,DUAL MOTOR ENCODER KIT,314,1,600
ONE YEAR LAB,451,GIMBAL KIT,349,1,601
ONE YEAR LAB,451,BUILD A MOTOR,264,1,602
ONE YEAR LAB,451,SAFETY GLASSES,495,5,603
ONE YEAR LAB,451,FUNCTION DIGITAL MULTIMETER,340,1,604
ONE YEAR LAB,451,TACHOMETER,528,1,605
ONE YEAR LAB,451,15LB TUBE SCALE,62,1,606
ONE YEAR LAB,451,CATAPULT SUPPORT MATERIAL,279,1,607
ONE YEAR LAB,451,LIPOLY SAFETY BAG,390,1,608
ONE YEAR LAB,451,PID TEST RACK,462,1,609
ONE YEAR LAB,451,LIPO / NIMH CHARGER,387,1,610
ONE YEAR LAB,451,REALFLIGHT FLIGHT SIMULATOR,484,1,611
ONE YEAR LAB,451,STORAGE BIN,521,8,612
ONE YEAR LAB,451,MARZ ROVER UPGRADE,414,1,613
4x4 BAG 3: CONNECTORS,152,2-LOCK,73,97,614
4x4 BAG 3: CONNECTORS,152,2-PIN,74,103,615
4x4 BAG 3: CONNECTORS,152,2-ROTATE,75,6,616
4x4 BAG 3: CONNECTORS,152,3-LOCK,111,54,617
4x4 BAG 3: CONNECTORS,152,3-PIN,112,74,618
4x4 BAG 3: CONNECTORS,152,3-ROTATE,113,20,619
4x4 BAG 3: CONNECTORS,152,1.5-LOCK,37,12,620
4x4 BAG 3: CONNECTORS,152,1.5-PIN,38,12,621
4x4 BAG 1: BEAMS,150,TRANSITION,541,43,622
4x4 BAG 1: BEAMS,150,DUAL TRANSITION,317,4,623
4x4 BAG 1: BEAMS,150,4-BEAM,137,20,624
4x4 BAG 1: BEAMS,150,6-BEAM,178,16,625
4x4 BAG 1: BEAMS,150,7-BEAM,198,12,626
4x4 BAG 1: BEAMS,150,2-BEAM,68,8,627
4x4 BAG 1: BEAMS,150,3-BEAM,105,4,628
4x4 BAG 1: BEAMS,150,5-BEAM,162,2,629
4x4 ACCESSORIES,149,CLEARANCE THREAD ADAPTER,281,36,630
4x4 ACCESSORIES,149,"#4-40 1"" SCREW",10,12,631
4x4 ACCESSORIES,149,#4 WASHER,8,4,632
4x4 ACCESSORIES,149,"1.2"" THREAD COLLAR",36,6,633
4x4 ACCESSORIES,149,"0.4"" THREAD COLLAR",26,2,634
4x4 ACCESSORIES,149,"2.0"" THREAD COLLAR",76,2,635
4x4 STEERING,155,STEERING BRACKET,518,1,636
4x4 STEERING,155,STEERING PLATE,519,1,637
4x4 STEERING,155,STEERING BAR,517,1,638
4x4 STEERING,155,SERVO MOUNT,502,2,639
4x4 STEERING,155,"#4-40 3/8"" SCREW",15,5,640
4x4 STEERING,155,"3/16"" BALL STUD",115,7,641
4x4 STEERING,155,HVY DUTY ROD ENDS BLACK/12,371,2,642
4x4 STEERING,155,"#4-40 x 1"" THREAD ROD",17,1,643
4x4 STEERING,155,LONG SHANK ROD ENDS BLACK/12,393,4,644
4x4 STEERING,155,"#4-40 x 1-1/2"" THREAD ROD",18,2,645
4x4 DRIVELINE,153,U-JOINT SET SCREW,551,12,646
4x4 DRIVELINE,153,3-DRIVELINE MALE ASSEMBLY,109,4,647
4x4 DRIVELINE,153,3-DRIVELINE FEMALE ASSEMBLY,107,4,648
4x4 DRIVELINE,153,5-DRIVELINE MALE ASSEMBLY,166,2,649
4x4 DRIVELINE,153,5-DRIVELINE FEMALE ASSEMBLY,164,2,650
SMALL 4-LINK BARS,512,ROD END/BALL CONNECTOR (6),491,8,651
SMALL 4-LINK BARS,512,ROD END BALL,490,8,652
SMALL 4-LINK BARS,512,"2.4"" FOUR-LINK ARM",77,4,653
MEDIUM 4-LINK BARS,415,ROD END/BALL CONNECTOR (6),491,8,654
MEDIUM 4-LINK BARS,415,ROD END BALL,490,8,655
MEDIUM 4-LINK BARS,415,"3.6"" FOUR-LINK ARM",114,4,656
UAV DRONE GIMBAL RIG,553,"CORRUGATED BOXES 28x28x12""",291,1,657
UAV DRONE GIMBAL RIG,553,PRE-BUILT MINDS-I UAV IN 3 AXIS GIMBAL,467,1,658
UAV DRONE GIMBAL RIG,553,LIPO / NIMH CHARGER,387,2,659
UAV DRONE GIMBAL RIG,553,LIPO BATTERY,389,5,660
UAV DRONE GIMBAL RIG,553,8mm  HEX DRIVER DYNAMITE,219,1,661
UAV DRONE GIMBAL RIG,553,MINDS-i TOOL,419,1,662
UAV DRONE GIMBAL RIG,553,"5/32"" TOOL",168,1,663
UAV DRONE GIMBAL RIG,553,MOTOR SPANNER WRENCH,430,1,664
UAV DRONE GIMBAL RIG,553,UAV DRONE GIMBAL RIG INSTRUCTIONS,554,1,665
UAV DRONE GIMBAL RIG,553,OVERPACK LABEL,453,1,666
UAV DRONE GIMBAL RIG,553,LITHIUM HANDLING LABEL,391,1,667
GIMBAL BAG 1,345,ARDUINO BASE PLATE,231,1,668
GIMBAL BAG 1,345,TURNTABLE PLATE,544,1,669
GIMBAL BAG 1,345,"#4-40 3/8"" SCREW",15,5,670
GIMBAL BAG 1,345,#4 WASHER,8,5,671
GIMBAL BAG 1,345,PANEL-LOCK,458,5,672
GIMBAL BAG 1,345,1.5-PIN,38,5,673
GIMBAL BAG 1,345,BATTERY CAP,256,2,674
GIMBAL BAG 1,345,INTERFERENCE THREAD ADAPTER,374,3,675
GIMBAL BAG 1,345,CLEARANCE THREAD ADAPTER,281,3,676
GIMBAL BAG 2,346,SERVO PLATE,503,1,677
GIMBAL BAG 2,346,PANEL-LOCK,458,5,678
GIMBAL BAG 2,346,1.5-PIN,38,5,679
GIMBAL BAG 2,346,M3 WASHER,398,5,680
GIMBAL BAG 2,346,"#4-40 1/4"" NUT",13,5,681
GIMBAL BAG 2,346,"#4-40 1/2"" SCREW",12,7,682
GIMBAL BAG 3,347,13-BEAM,56,2,683
GIMBAL BAG 3,347,10-BEAM,47,2,684
GIMBAL BAG 3,347,8-BEAM,208,2,685
GIMBAL BAG 3,347,7-BEAM,198,3,686
GIMBAL BAG 3,347,5-BEAM,162,3,687
GIMBAL BAG 3,347,TRANSITION,541,8,688
GIMBAL BAG 3,347,2-LOCK,73,22,689
GIMBAL BAG 3,347,2-ROTATE,75,2,690
GIMBAL BAG 3,347,2-PIN,74,24,691
SMALL DRONE CAGE SYSTEM,514,TRUSS FRAME PARTS,542,60,692
SMALL DRONE CAGE SYSTEM,514,HARD CASE,361,5,693
SMALL DRONE CAGE SYSTEM,514,M12 WRENCHES,397,10,694
SMALL DRONE CAGE SYSTEM,514,G4 SCREWS,342,30,695
SMALL DRONE CAGE SYSTEM,514,BUNGEE CORDS,271,150,696
SMALL DRONE CAGE SYSTEM,514,NETTING SET,447,1,697
SMALL DRONE CAGE SYSTEM,514,16 RETRACTABLE POLES,63,6,698
SMALL DRONE CAGE SYSTEM,514,TEXTURED FOOT PLATES,538,4,699
SMALL DRONE CAGE SYSTEM,514,SMALL DRONE CAGE ASSEMBLY INSTRUCTIONS,513,1,700
MEDIUM DRONE CAGE SYSTEM,417,TRUSS FRAME PARTS,542,64,701
MEDIUM DRONE CAGE SYSTEM,417,HARD CASE,361,6,702
MEDIUM DRONE CAGE SYSTEM,417,M12 WRENCHES,397,10,703
MEDIUM DRONE CAGE SYSTEM,417,G4 SCREWS,342,30,704
MEDIUM DRONE CAGE SYSTEM,417,BUNGEE CORDS,271,300,705
MEDIUM DRONE CAGE SYSTEM,417,NETTING SET,447,1,706
MEDIUM DRONE CAGE SYSTEM,417,16 RETRACTABLE POLES,63,8,707
MEDIUM DRONE CAGE SYSTEM,417,TEXTURED FOOT PLATES,538,4,708
MEDIUM DRONE CAGE SYSTEM,417,MEDIUM DRONE CAGE ASSEMBLY INSTRUCTIONS,416,1,709
LARGE DRONE CAGE SYSTEM,382,TRUSS FRAME PARTS,542,118,710
LARGE DRONE CAGE SYSTEM,382,HARD CASE,361,8,711
LARGE DRONE CAGE SYSTEM,382,M12 WRENCHES,397,10,712
LARGE DRONE CAGE SYSTEM,382,G4 SCREWS,342,50,713
LARGE DRONE CAGE SYSTEM,382,BUNGEE CORDS,271,300,714
LARGE DRONE CAGE SYSTEM,382,NETTING SET,447,1,715
LARGE DRONE CAGE SYSTEM,382,16 RETRACTABLE POLES,63,10,716
LARGE DRONE CAGE SYSTEM,382,TEXTURED FOOT PLATES,538,8,717
LARGE DRONE CAGE SYSTEM,382,LARGE DRONE CAGE ASSEMBLY INSTRUCTIONS,381,1,718
FOUNDATIONS TEACHERS RESOURCE,337,BREADBOARD FRONT PLATE / BACK PLATE,263,1,719
FOUNDATIONS TEACHERS RESOURCE,337,ARDUINO LEONARDO,233,1,720
FOUNDATIONS TEACHERS RESOURCE,337,SENSOR SHIELD,497,1,721
FOUNDATIONS TEACHERS RESOURCE,337,PING ULTRASONIC RANGE FINDER,463,3,722
FOUNDATIONS TEACHERS RESOURCE,337,QTI - LF PCB ASSY,480,3,723
FOUNDATIONS TEACHERS RESOURCE,337,HS-311 STANDARD SERVO,365,4,724
FOUNDATIONS TEACHERS RESOURCE,337,TGY-I6S RADIO CONTROLLER,539,1,725
FOUNDATIONS TEACHERS RESOURCE,337,320A BRUSHED ESC,131,1,726
FOUNDATIONS TEACHERS RESOURCE,337,VOLTAGE REGULATOR,567,1,727
FOUNDATIONS TEACHERS RESOURCE,337,LCD DISPLAY,384,1,728
FOUNDATIONS TEACHERS RESOURCE,337,7.2V 5000 RPM DC MOTOR,204,1,729
FOUNDATIONS TEACHERS RESOURCE,337,5000 RPM MOTOR LABEL,169,1,730
FOUNDATIONS TEACHERS RESOURCE,337,MOTOR WIRES,431,1,731
FOUNDATIONS TEACHERS RESOURCE,337,COLORED PUSH BUTTON,282,2,732
FOUNDATIONS TEACHERS RESOURCE,337,3 PIN CABLE FLAT - LATCHED,97,5,733
FOUNDATIONS TEACHERS RESOURCE,337,3 PIN CABLE FLAT - SEPERATE,98,3,734
FOUNDATIONS TEACHERS RESOURCE,337,4 PIN CABLE LATCHED-SEPERATE,133,1,735
FOUNDATIONS TEACHERS RESOURCE,337,MALE TO MALE SERVO LEAD,412,2,736
FOUNDATIONS TEACHERS RESOURCE,337,"#4-40 1/2"" SCREW",12,13,737
FOUNDATIONS TEACHERS RESOURCE,337,"#4-40 3/8"" SCREW",15,8,738
FOUNDATIONS TEACHERS RESOURCE,337,CLEARANCE THREAD ADAPTER,281,7,739
FOUNDATIONS TEACHERS RESOURCE,337,#4 WASHER,8,8,740
FOUNDATIONS TEACHERS RESOURCE,337,"3/8"" STANDOFF",128,4,741
FOUNDATIONS TEACHERS RESOURCE,337,"0.75"" 3/8"" BOLT",27,8,742
FOUNDATIONS TEACHERS RESOURCE,337,"3/8"" WASHER",129,8,743
FOUNDATIONS TEACHERS RESOURCE,337,LONG SERVO HORN,392,1,744
FOUNDATIONS TEACHERS RESOURCE,337,ROBOT SERVO HORN,489,1,745
FOUNDATIONS TEACHERS RESOURCE,337,STEERING SERVO HORN,520,2,746
FOUNDATIONS TEACHERS RESOURCE,337,NIMH BATTERY,449,1,747
FOUNDATIONS TEACHERS RESOURCE,337,"CABLE TIE 8""",273,4,748
FOUNDATIONS TEACHERS RESOURCE,337,"CABLE TIE 4""",272,1,749
FOUNDATIONS TEACHERS RESOURCE,337,CORRUGATED BOXES 18x12x6,288,1,750
DRONES LAB UGV + UAV,312,"CORRUGATED BOXES 32x18x18""",292,1,751
DRONES LAB UGV + UAV,312,"CORRUGATED BOXES 18x12x10""",287,1,752
DRONES LAB UGV + UAV,312,MULTIROTOR,439,2,753
DRONES LAB UGV + UAV,312,STORAGE BIN,521,4,754
DRONES LAB UGV + UAV,312,REALFLIGHT FLIGHT SIMULATOR,484,1,755
DRONES LAB UGV + UAV,312,SAFETY GLASSES,495,5,756
DRONES LAB UGV + UAV,312,MINDS-i TOOL,419,1,757
DRONES LAB UGV + UAV,312,"1/16"" HEX DRIVER",41,1,758
DRONES LAB UGV + UAV,312,"3/32"" HEX DRIVER",119,1,759
DRONES LAB UGV + UAV,312,DUAL MOTOR ENCODER KIT,314,1,760
DRONES LAB UGV + UAV,312,GIMBAL KIT,349,1,761
DRONES LAB UGV + UAV,312,250 PIECE,89,1,762
DRONES LAB UGV + UAV,312,SCREW ADAPTER,496,1,763
DRONES LAB UGV + UAV,312,BUILD A MOTOR,264,1,764
DRONES LAB UGV + UAV,312,FUNCTION DIGITAL MULTIMETER,340,1,765
DRONES LAB UGV + UAV,312,NIMH BATTERY,449,1,766
DRONES LAB UGV + UAV,312,LIPO / NIMH CHARGER,387,1,767
DRONES LAB UGV + UAV,312,LIPOLY SAFETY BAG,390,1,768
DRONES LAB UGV + UAV,312,PID TEST RACK,462,1,769
DRONES LAB UGV + UAV,312,MARZ ROVER UPGRADE,414,1,770
DRONES LAB UGV + UAV,312,6x6 (Super Rover Kit),184,1,771
PRE-BUILT MINDS-I UAV IN 3 AXIS GIMBAL,467,3 AXIS GIMBAL RIG FRAME,95,1,772
PRE-BUILT MINDS-I UAV IN 3 AXIS GIMBAL,467,PRE-BUILT MULTIROTOR FOR GIMBAL,468,1,773
PARACORD 4,460,PARACORD 1000 SPOOL,459,4,774
3/4 IN PVC COUPLING WITH CENTERHOLE,121,3/4 IN PVC COUPLING,120,1,775
"3"" SERVO WHEEL",102,"3"" DISK",99,1,776
"3"" SERVO WHEEL",102,"3"" DISK RUBBER TIRE",100,1,777
"3"" DISK",99,"0.095"" ACRYLIC CLEAR SHEET",24,1,778
X TOP PLATE,570,3mm BLACK POLYCARBONATE SHEET,132,1,779
STRETCH X TOP PLATE,523,3mm BLACK POLYCARBONATE SHEET,132,1,780
X BOTTOM PLATE,569,3mm BLACK POLYCARBONATE SHEET,132,1,781
STRETCH X BOTTOM PLATE,522,3mm BLACK POLYCARBONATE SHEET,132,1,782
INERTIA PLUG,372,TAMIYA PLUG WITH 10cm LEADS FEMALE,534,1,783
INERTIA PLUG,372,"3/16"" QUICK CONNECT FEMALE",117,1,784
INERTIA PLUG,372,MALE BULLET CONNECTOR,411,1,785
4-45 BEAM,136,11-45 BEAM,50,1,786
5-45 BEAM,161,11-45 BEAM,50,1,787
6-45 BEAM,177,11-45 BEAM,50,1,788
7-45 BEAM,197,11-45 BEAM,50,1,789
8-45 BEAM,207,11-45 BEAM,50,1,790
9-45 BEAM,220,11-45 BEAM,50,1,791
10-45 BEAM,45,11-45 BEAM,50,1,792
ARDUINO BASE PLATE,231,3mm BLACK POLYCARBONATE SHEET,132,1,793
SERVO PLATE,503,3mm BLACK POLYCARBONATE SHEET,132,1,794
4x4 WHEELS AND TIRES,157,"BULK FOAM (2.8"")",265,4,795
4x4 WHEELS AND TIRES,157,"BULK TIRE (2.8"" BADLANDS)",267,4,796
4x4 WHEELS AND TIRES,157,"BULK WHEEL (2.8"" DESPERADO)",269,4,797
4x4 WHEELS AND TIRES,157,HEX ADAPTER 12mm,362,4,798
DRONE CURRICULUM 45,306,"AVERY BINDER 2""",249,1,799
DRONE CURRICULUM 45,306,PAGES FOR DRONE CURRICULUM 45,454,1,800
DRONE CURRICULUM 45,306,USB DRIVE,561,1,801
DRONE CURRICULUM 90HR,307,"AVERY BINDER 2""",249,1,802
DRONE CURRICULUM 90HR,307,PAGES FOR DRONE CURRICULUM 90,455,1,803
DRONE CURRICULUM 90HR,307,USB DRIVE,561,1,804
FOUNDATIONS CURRICULUM,334,"AVERY BINDER 2""",249,1,805
FOUNDATIONS CURRICULUM,334,PAGES FOR FOUNDATIONS CURRICULUM,457,1,806
FOUNDATIONS CURRICULUM,334,USB DRIVE,561,1,807
MOTOR WIRES,431,"14 AWG ""AUTO ZIP"" WIRE",57,7,809
MOTOR WIRES,431,"3/16"" QUICK CONNECT FEMALE",117,2,810
MOTOR WIRES,431,MALE BULLET CONNECTOR,411,2,811
UGV UPGRADE,556,UGV UPGRADE BAG 1: BEAMS,557,1,812
UGV UPGRADE,556,UGV UPGRADE BAG 2: CONNECTORS,558,1,813
UGV UPGRADE,556,UGV UPGRADE BAG 3: ELECTRONICS,559,1,814
DUAL MOTOR ENCODER KIT,314,0-DRIVELINE ASSEMBLY,22,1,815
DUAL MOTOR ENCODER KIT,314,3-DRIVELINE MALE ASSEMBLY,109,1,816
DUAL MOTOR ENCODER KIT,314,3-DRIVELINE FEMALE ASSEMBLY,107,1,817
DUAL MOTOR ENCODER KIT,314,2-45 BEAM,67,4,818
DUAL MOTOR ENCODER KIT,314,TRANSITION,541,8,819
DUAL MOTOR ENCODER KIT,314,3-LOCK,111,8,820
DUAL MOTOR ENCODER KIT,314,3-PIN,112,8,821
DUAL MOTOR ENCODER KIT,314,BATTERY Y HARNESS,258,1,822
DUAL MOTOR ENCODER KIT,314,4 PIN ENCODER CABLE,134,1,823
DUAL MOTOR ENCODER KIT,314,Y-HARNESS FOR DUAL ESCS,572,1,824
DUAL MOTOR ENCODER KIT,314,320A BRUSHED ESC,131,1,825
DUAL MOTOR ENCODER KIT,314,ENCODER MOTOR GEARBOX ASSEMBLY,328,1,826
DUAL MOTOR ENCODER KIT,314,MOTOR WIRES,431,1,827
ENCODER MOTOR GEARBOX ASSEMBLY,328,OPTICAL ENCODER,452,1,828
ENCODER MOTOR GEARBOX ASSEMBLY,328,ENCODER SHAFT,329,1,829
ENCODER MOTOR GEARBOX ASSEMBLY,328,7.2V 5000 RPM DC MOTOR,204,1,830
ENCODER MOTOR GEARBOX ASSEMBLY,328,MOTOR CASE A,426,1,831
ENCODER MOTOR GEARBOX ASSEMBLY,328,MOTOR CASE B,427,1,832
ENCODER MOTOR GEARBOX ASSEMBLY,328,"#4-40 3/4"" SCREW",14,4,833
ENCODER MOTOR GEARBOX ASSEMBLY,328,"#4-40 3/8"" SCREW",15,3,834
ENCODER MOTOR GEARBOX ASSEMBLY,328,#4 WASHER,8,4,835
ENCODER MOTOR GEARBOX ASSEMBLY,328,"#4-40 1/4"" NUT",13,7,836
ENCODER MOTOR GEARBOX ASSEMBLY,328,M3 WASHER,398,2,837
ENCODER MOTOR GEARBOX ASSEMBLY,328,M3x6mm SCREW,401,2,838
ENCODER MOTOR GEARBOX ASSEMBLY,328,6x12x4mm BEARING,183,2,839
COSMETIC PANELS,294,"0.118"" ACRYLIC RED SHEET",25,1,840
0-DRIVELINE ASSEMBLY,22,DRIVELINE YOKE,305,2,841
0-DRIVELINE ASSEMBLY,22,U-JOINT,550,1,842
0-DRIVELINE ASSEMBLY,22,U-JOINT SET SCREW,551,2,843
1-DRIVELINE MALE ASSEMBLY,35,1-DRIVELINE MALE,34,1,844
1-DRIVELINE MALE ASSEMBLY,35,DRIVELINE YOKE,305,1,845
1-DRIVELINE MALE ASSEMBLY,35,U-JOINT,550,1,846
TURNTABLE PLATE,544,3mm BLACK POLYCARBONATE SHEET,132,1,847
MULTIROTOR BASE PLATES SET,440,STRETCH X BOTTOM PLATE,522,1,848
MULTIROTOR BASE PLATES SET,440,X BOTTOM PLATE,569,1,849
MULTIROTOR BASE PLATES SET,440,STRETCH X TOP PLATE,523,1,850
MULTIROTOR BASE PLATES SET,440,X TOP PLATE,570,1,851
ARDUINO UPGRADE BAG 1: BEAMS,243,2-BEAM,68,2,852
ARDUINO UPGRADE BAG 1: BEAMS,243,4-BEAM,137,5,853
ARDUINO UPGRADE BAG 1: BEAMS,243,9-BEAM,221,2,854
ARDUINO UPGRADE BAG 1: BEAMS,243,11-BEAM,51,3,855
ARDUINO UPGRADE BAG 1: BEAMS,243,13-BEAM,56,3,856
ARDUINO UPGRADE BAG 1: BEAMS,243,14-BEAM,58,4,857
ARDUINO UPGRADE BAG 1: BEAMS,243,2-45 BEAM,67,3,858
ARDUINO UPGRADE BAG 1: BEAMS,243,3-45 BEAM,104,8,859
ARDUINO UPGRADE BAG 1: BEAMS,243,CLEARANCE THREAD ADAPTER,281,16,860
ARDUINO UPGRADE BAG 1: BEAMS,243,INTERFERENCE THREAD ADAPTER,374,6,861
ARDUINO UPGRADE BAG 1: BEAMS,243,"#4-40 1/2"" SCREW",12,5,862
ARDUINO UPGRADE BAG 1: BEAMS,243,"#4-40 3/4"" SCREW",14,7,863
ARDUINO UPGRADE BAG 1: BEAMS,243,"#4-40 1/4"" NUT",13,5,864
ARDUINO UPGRADE BAG 2: CONNECTORS,244,2-LOCK,73,44,865
ARDUINO UPGRADE BAG 2: CONNECTORS,244,2-ROTATE,75,4,866
ARDUINO UPGRADE BAG 2: CONNECTORS,244,PANEL-LOCK,458,4,867
ARDUINO UPGRADE BAG 2: CONNECTORS,244,3-LOCK,111,11,868
ARDUINO UPGRADE BAG 2: CONNECTORS,244,3-ROTATE,113,3,869
ARDUINO UPGRADE BAG 2: CONNECTORS,244,1.5-PIN,38,4,870
ARDUINO UPGRADE BAG 2: CONNECTORS,244,2-PIN,74,48,871
ARDUINO UPGRADE BAG 2: CONNECTORS,244,3-PIN,112,14,872
ARDUINO UPGRADE BAG 2: CONNECTORS,244,DUAL TRANSITION,317,2,873
ARDUINO UPGRADE BAG 2: CONNECTORS,244,TRANSITION,541,20,874
ARDUINO UPGRADE BAG 3: ELECTRONICS,245,ARDUINO LEONARDO,233,1,875
ARDUINO UPGRADE BAG 3: ELECTRONICS,245,SENSOR SHIELD,497,1,876
ARDUINO UPGRADE BAG 3: ELECTRONICS,245,ARDUINO BASE PLATE,231,1,877
ARDUINO UPGRADE BAG 3: ELECTRONICS,245,3 USB CABLE,103,1,878
ARDUINO UPGRADE BAG 3: ELECTRONICS,245,MALE TO MALE SERVO LEAD,412,2,879
ARDUINO UPGRADE BAG 3: ELECTRONICS,245,VOLTAGE REGULATOR,567,1,880
ARDUINO UPGRADE BAG 3: ELECTRONICS,245,PING ULTRASONIC RANGE FINDER,463,3,881
ARDUINO UPGRADE BAG 3: ELECTRONICS,245,3 PIN CABLE FLAT - LATCHED,97,3,882
BREADBOARD FRONT PLATE / BACK PLATE,263,"3/16"" POLYCARBONATE SHEET",116,1,883
250 PIECE BAG 2: 45 BEAMS AND TRANSITIONS,91,2-45 BEAM,67,2,884
250 PIECE BAG 2: 45 BEAMS AND TRANSITIONS,91,3-45 BEAM,104,2,885
250 PIECE BAG 2: 45 BEAMS AND TRANSITIONS,91,4-45 BEAM,136,2,886
250 PIECE BAG 2: 45 BEAMS AND TRANSITIONS,91,5-45 BEAM,161,2,887
250 PIECE BAG 2: 45 BEAMS AND TRANSITIONS,91,6-45 BEAM,177,2,888
250 PIECE BAG 2: 45 BEAMS AND TRANSITIONS,91,7-45 BEAM,197,2,889
250 PIECE BAG 2: 45 BEAMS AND TRANSITIONS,91,8-45 BEAM,207,2,890
250 PIECE BAG 2: 45 BEAMS AND TRANSITIONS,91,9-45 BEAM,220,2,891
250 PIECE BAG 2: 45 BEAMS AND TRANSITIONS,91,10-45 BEAM,45,2,892
250 PIECE BAG 2: 45 BEAMS AND TRANSITIONS,91,11-45 BEAM,50,2,893
250 PIECE BAG 2: 45 BEAMS AND TRANSITIONS,91,TRANSITION,541,16,894
250 PIECE BAG 2: 45 BEAMS AND TRANSITIONS,91,DUAL TRANSITION,317,4,895
250 PIECE BAG 2: 45 BEAMS AND TRANSITIONS,91,MINDS-i TOOL,419,1,896
250 PIECE BAG 3: CONNECTORS,92,2-LOCK,73,20,897
250 PIECE BAG 3: CONNECTORS,92,2-ROTATE,75,20,898
250 PIECE BAG 3: CONNECTORS,92,3-LOCK,111,20,899
250 PIECE BAG 3: CONNECTORS,92,3-ROTATE,113,20,900
250 PIECE BAG 3: CONNECTORS,92,2-PIN,74,40,901
250 PIECE BAG 3: CONNECTORS,92,3-PIN,112,40,902
3 AXIS GIMBAL RIG FRAME,95,"80/20 1010-S 25""",214,2,903
3 AXIS GIMBAL RIG FRAME,95,"80/20 1010-S 14""",213,2,904
3 AXIS GIMBAL RIG FRAME,95,80/20 4136 10 Series Corners,217,4,905
3 AXIS GIMBAL RIG FRAME,95,"80/20 3393 1/4-20 x 1/2"" BHSCS",216,16,906
3 AXIS GIMBAL RIG FRAME,95,Gimbal Rig Feet,354,3,907
3 AXIS GIMBAL RIG FRAME,95,Gimbal Rig 3D Bearing Holders,353,2,908
3 AXIS GIMBAL RIG FRAME,95,Gyro Pin,358,6,909
3 AXIS GIMBAL RIG FRAME,95,Gyro Bracket,355,20,910
3 AXIS GIMBAL RIG FRAME,95,Gyro Carbon Part Set,356,1,911
ARDUINO BATTERY HARNESS,232,TAMIYA PLUG WITH 10cm LEADS FEMALE,534,1,912
ARDUINO BATTERY HARNESS,232,9V BATTERY ADAPTER,224,1,913
PRE-BUILT MULTIROTOR FOR GIMBAL,468,GIMBAL CENTER BAR,348,1,914
PRE-BUILT MULTIROTOR FOR GIMBAL,468,X BOTTOM PLATE,569,1,915
PRE-BUILT MULTIROTOR FOR GIMBAL,468,2205 MOTOR MOUNT,82,4,916
PRE-BUILT MULTIROTOR FOR GIMBAL,468,10-BEAM,47,8,917
PRE-BUILT MULTIROTOR FOR GIMBAL,468,7-BEAM,198,2,918
PRE-BUILT MULTIROTOR FOR GIMBAL,468,3-BEAM,105,2,919
PRE-BUILT MULTIROTOR FOR GIMBAL,468,MR2 BAG 3: ESC,434,1,920
PRE-BUILT MULTIROTOR FOR GIMBAL,468,TRANSITION,541,4,921
PRE-BUILT MULTIROTOR FOR GIMBAL,468,PANEL-LOCK,458,46,922
PRE-BUILT MULTIROTOR FOR GIMBAL,468,2-LOCK,73,2,923
PRE-BUILT MULTIROTOR FOR GIMBAL,468,3-LOCK,111,3,924
PRE-BUILT MULTIROTOR FOR GIMBAL,468,2-PIN,74,2,925
PRE-BUILT MULTIROTOR FOR GIMBAL,468,3-PIN,112,3,926
PRE-BUILT MULTIROTOR FOR GIMBAL,468,1.5-PIN,38,46,927
PRE-BUILT MULTIROTOR FOR GIMBAL,468,EXTENSION PLUG,330,4,928
PRE-BUILT MULTIROTOR FOR GIMBAL,468,"CABLE TIE 4""",272,9,929
PRE-BUILT MULTIROTOR FOR GIMBAL,468,"VELCRO HOOK 2.5""",564,1,930
PRE-BUILT MULTIROTOR FOR GIMBAL,468,VELCRO STRAPS,566,2,931
PRE-BUILT MULTIROTOR FOR GIMBAL,468,MR2 BAG 7: APM,438,1,932
PRE-BUILT MULTIROTOR FOR GIMBAL,468,"5"" DUCT GREEN",158,2,933
PRE-BUILT MULTIROTOR FOR GIMBAL,468,"5"" DUCT ORANGE",159,2,934
PRE-BUILT MULTIROTOR FOR GIMBAL,468,TGY-I6S RADIO CONTROLLER,539,1,935
PRE-BUILT MULTIROTOR FOR GIMBAL,468,AA BATTERY,225,4,936
3-45 BEAM,104,11-45 BEAM,50,1,937
GEAR REDUCER,343,GEAR REDUCTION UNIT,344,1,938
GEAR REDUCER,343,DISC GEAR REDUCER,302,1,939
GEAR REDUCER,343,1.5mm Hex Key,39,1,940
GEAR REDUCER,343,M3-0.5x25mm SCREW,400,2,941
DUAL MOTOR Upgrade Module for Super Rover Kit ,315,U-JOINT SET SCREW,551,5,942
DUAL MOTOR Upgrade Module for Super Rover Kit ,315,1-DRIVELINE MALE ASSEMBLY,35,2,943
DUAL MOTOR Upgrade Module for Super Rover Kit ,315,3-LOCK,111,9,944
DUAL MOTOR Upgrade Module for Super Rover Kit ,315,3-PIN,112,9,945
DUAL MOTOR Upgrade Module for Super Rover Kit ,315,2-LOCK,73,9,946
DUAL MOTOR Upgrade Module for Super Rover Kit ,315,2-PIN,74,9,947
DUAL MOTOR Upgrade Module for Super Rover Kit ,315,TRANSITION,541,8,948
DUAL MOTOR Upgrade Module for Super Rover Kit ,315,2-45 BEAM,67,4,949
DUAL MOTOR Upgrade Module for Super Rover Kit ,315,320A BRUSHED ESC,131,1,950
DUAL MOTOR Upgrade Module for Super Rover Kit ,315,5000 RPM MOTOR WITH WIRE,170,1,951
DUAL MOTOR Upgrade Module for Super Rover Kit ,315,MOTOR GEARBOX,428,1,952
DUAL MOTOR Upgrade Module for Super Rover Kit ,315,BATTERY Y HARNESS,258,1,953
DUAL MOTOR Upgrade Module for Super Rover Kit ,315,Y-HARNESS FOR DUAL ESCS,572,1,954
DUAL MOTOR Upgrade Module for Super Rover Kit ,315,10-58 GEAR SET,46,1,955
"3/4 IN PVC PIPE 12""",125,3/4 IN PVC PIPE  10 FOOT,124,1,956
VOLTAGE REGULATOR,567,5v 3.2A Step Down Voltage Regulator,176,1,957
VOLTAGE REGULATOR,567,EXTENSION PLUG,330,1,958
VOLTAGE REGULATOR,567,"SHRINK TUBING 0.75""",510,1,959
8-DRIVELINE MALE ASSEMBLY,212,8-DRIVELINE MALE,211,1,960
8-DRIVELINE MALE ASSEMBLY,212,DRIVELINE YOKE,305,1,961
8-DRIVELINE MALE ASSEMBLY,212,U-JOINT,550,1,962
7-DRIVELINE MALE ASSEMBLY,202,7-DRIVELINE MALE,201,1,963
7-DRIVELINE MALE ASSEMBLY,202,DRIVELINE YOKE,305,2,964
7-DRIVELINE MALE ASSEMBLY,202,U-JOINT,550,2,965
6-DRIVELINE MALE ASSEMBLY,182,6-DRIVELINE MALE,181,1,966
6-DRIVELINE MALE ASSEMBLY,182,DRIVELINE YOKE,305,1,967
6-DRIVELINE MALE ASSEMBLY,182,U-JOINT,550,1,968
5-DRIVELINE MALE ASSEMBLY,166,5-DRIVELINE MALE,165,1,969
5-DRIVELINE MALE ASSEMBLY,166,DRIVELINE YOKE,305,1,970
5-DRIVELINE MALE ASSEMBLY,166,U-JOINT,550,1,971
4-DRIVELINE MALE ASSEMBLY,141,4-DRIVELINE MALE,140,1,972
4-DRIVELINE MALE ASSEMBLY,141,U-JOINT,550,1,973
4-DRIVELINE MALE ASSEMBLY,141,DRIVELINE YOKE,305,1,974
3-DRIVELINE MALE ASSEMBLY,109,3-DRIVELINE MALE,108,1,975
3-DRIVELINE MALE ASSEMBLY,109,DRIVELINE YOKE,305,1,976
3-DRIVELINE MALE ASSEMBLY,109,U-JOINT,550,1,977
2-DRIVELINE MALE ASSEMBLY,72,2-DRIVELINE MALE,71,1,978
2-DRIVELINE MALE ASSEMBLY,72,DRIVELINE YOKE,305,1,979
2-DRIVELINE MALE ASSEMBLY,72,U-JOINT,550,1,980
8-DRIVELINE FEMALE ASSEMBLY,210,8-DRIVELINE FEMALE,209,1,981
8-DRIVELINE FEMALE ASSEMBLY,210,DRIVELINE YOKE,305,1,982
8-DRIVELINE FEMALE ASSEMBLY,210,U-JOINT,550,1,983
1-DRIVELINE FEMALE,32,8-DRIVELINE FEMALE,209,1,984
1-DRIVELINE MALE,34,8-DRIVELINE MALE,211,1,985
1-DRIVELINE FEMALE ASSEMBLY,33,1-DRIVELINE FEMALE,32,1,986
1-DRIVELINE FEMALE ASSEMBLY,33,DRIVELINE YOKE,305,1,987
1-DRIVELINE FEMALE ASSEMBLY,33,U-JOINT,550,1,988
2-DRIVELINE FEMALE,69,8-DRIVELINE FEMALE,209,1,989
2-DRIVELINE MALE,71,8-DRIVELINE MALE,211,1,990
2-DRIVELINE FEMALE ASSEMBLY,70,2-DRIVELINE FEMALE,69,1,991
2-DRIVELINE FEMALE ASSEMBLY,70,DRIVELINE YOKE,305,1,992
2-DRIVELINE FEMALE ASSEMBLY,70,U-JOINT,550,1,993
3-DRIVELINE FEMALE,106,8-DRIVELINE FEMALE,209,1,994
3-DRIVELINE MALE,108,8-DRIVELINE MALE,211,1,995
3-DRIVELINE FEMALE ASSEMBLY,107,3-DRIVELINE FEMALE,106,1,996
3-DRIVELINE FEMALE ASSEMBLY,107,DRIVELINE YOKE,305,1,997
3-DRIVELINE FEMALE ASSEMBLY,107,U-JOINT,550,1,998
4-DRIVELINE FEMALE,138,8-DRIVELINE FEMALE,209,1,999
