"ID","Name","Internal Reference","Responsible","Sales Price","Cost","Quantity On Hand","Forecasted Quantity","Unit of Measure","Activity Exception Decoration"
"__export__.product_template_79_1d2833ab","#1 PHILLIPS SCREWDRIVER","G305","Chris Lines","5.5","1.1","90.0","86.0","Units",""
"__export__.product_template_603_1ad02fec","#10 1/2"" Screw","","MINDS-i","1.0","0.0","500.0","500.0","Units",""
"__export__.product_template_605_cf0d334d","#10 Nylock","","MINDS-i","1.0","0.0","500.0","500.0","Units",""
"__export__.product_template_604_4ff0a9bb","#10 Washer","","MINDS-i","1.0","0.0","1000.0","1000.0","Units",""
"__export__.product_template_476_bfa64c9f","#10-24x5/16"" SCREW","N208","MINDS-i","1.0","0.18","1248.0","1248.0","Units",""
"__export__.product_template_157_72952347","#2 WASHER","G508","Tim Lines","0.4","0.07","2431.0","2431.0","Units",""
"__export__.product_template_152_88cf4582","#2-32 5/8"" SCREW","G607","Tim Lines","0.45","0.09","1105.0","1105.0","Units",""
"__export__.product_template_36_13d257fb","#4 WASHER","G507","Tim Lines","1.0","0.07","4642.0","4199.0","Units",""
"__export__.product_template_577_cadf2f8f","#4-4 1/4"" Washer","","MINDS-i","1.0","0.0","0.0","0.0","Units",""
"__export__.product_template_155_2aec1da3","#4-40 1"" SCREW","G602","Tim Lines","1.0","0.11","2355.0","2355.0","Units",""
"__export__.product_template_156_db4e8eac","#4-40 1-3/8"" SCREW","G601","Tim Lines","1.0","0.08","1762.0","1434.0","Units",""
"__export__.product_template_37_b3c922a8","#4-40 1/2"" SCREW","G605","Tim Lines","1.0","0.01","3791.0","3441.0","Units",""
"__export__.product_template_38_f24f1e38","#4-40 1/4"" NUT","G503","Tim Lines","1.0","0.02","6011.0","5791.0","Units",""
"__export__.product_template_368_6d072ee7","#4-40 3/4"" SCREW","G603","Tim Lines","1.0","0.06","1953.0","1645.0","Units","Alert"
"__export__.product_template_153_10a4c810","#4-40 3/8"" SCREW","G606","Tim Lines","0.25","0.04","2779.0","2629.0","Units",""
"__export__.product_template_154_e2720c0a","#4-40 5/8"" SCREW","G604","Tim Lines","1.0","0.0","3006.0","3006.0","Units",""
"__export__.product_template_225_d0d00908","#4-40 x 1"" THREAD ROD","G404","Tim Lines","0.23","0.05","5330.0","5316.0","Units",""
"__export__.product_template_226_a30e9784","#4-40 x 1-1/2"" THREAD ROD","G403","Tim Lines","0.32","0.06","3081.0","3081.0","Units",""
"__export__.product_template_227_f4de0b24","#4-40 x 2-3/4"" THREAD ROD","G402","Tim Lines","0.6","0.12","3525.0","3501.0","Units",""
"__export__.product_template_228_8bcdc220","#4-40 x 3-3/4"" THREAD ROD","G401","Tim Lines","0.75","0.15","3076.0","3052.0","Units",""
"__export__.product_template_224_7a00718f","#4-40 x 3/4"" THREAD ROD","G405","Tim Lines","1.0","0.0","832.0","828.0","Units",""
"__export__.product_template_326_f90b6724","0-DRIVELINE ASSEMBLY","","Tim Lines","14.0","2.67","-1.0","10.0","Units",""
"__export__.product_template_148_47386759","0.050"" ALLEN WRENCH","","Tim Lines","1.0","0.13","182.0","182.0","Units",""
"__export__.product_template_466_b0c32703","0.095"" ACRYLIC CLEAR SHEET","XX03","Chris Lines","1.0","0.0","13.0","13.0","Units",""
"__export__.product_template_467_5cf4b149","0.118"" ACRYLIC RED SHEET","","Chris Lines","1.0","0.0","0.0","-1.0","Units",""
"__export__.product_template_305_9728c1a7","0.4"" THREAD COLLAR","F506","Tim Lines","1.0","0.0","1605.0","1605.0","Units",""
"__export__.product_template_166_5197bdc0","0.75"" 3/8"" BOLT","G708","Tim Lines","1.0","0.0","273.0","193.0","Units",""
"__export__.product_template_631_738f5494","1 Year Course-Foundations+Drones Lab UGV+UAV (Duplicate Parts Eliminated) w180 Curriculum Hours","","MINDS-i","1.0","0.0","-2.0","-2.0","Units",""
"__export__.product_template_580_1ade8af6","1"" PVC Cross","","MINDS-i","1.0","0.0","0.0","0.0","Units",""
"__export__.product_template_587_1555b141","1"" PVC Elbow","","MINDS-i","1.0","0.0","8.0","8.0","Units",""
"__export__.product_template_606_d9d41985","1"" PVC T","","MINDS-i","1.0","0.0","0.0","0.0","Units",""
"__export__.product_template_532_cc196282","1-DRIVELINE FEMALE","","MINDS-i","0.18","0.18","115.0","127.0","Units",""
"__export__.product_template_531_33492d4c","1-DRIVELINE FEMALE ASSEMBLY","i701","MINDS-i","8.0","1.55","76.0","114.0","Units",""
"__export__.product_template_533_1702c8a6","1-DRIVELINE MALE","","MINDS-i","0.18","0.18","0.0","157.0","Units",""
"__export__.product_template_325_b0faf6a6","1-DRIVELINE MALE ASSEMBLY","i701","Tim Lines","8.0","1.55","82.0","97.0","Units",""
"__export__.product_template_306_fb3cb82f","1.2"" THREAD COLLAR","F507","Tim Lines","1.0","0.0","322.0","322.0","Units",""
"__export__.product_template_106_e49549a0","1.5-LOCK","H603","Tim Lines","0.4","0.08","14275.0","14275.0","Units",""
"__export__.product_template_18_4dc774ae","1.5-PIN","H403","Tim Lines","0.15","0.03","12193.0","11181.0","Units","Alert"
"__export__.product_template_161_9801f4ad","1.5mm Hex Key","G511","Tim Lines","0.77","0.15","584.0","580.0","Units",""
"__export__.product_template_150_b1f73b7e","1/16 SHORT ARM HEX KEY","G510","Tim Lines","0.7","0.14","1025.0","1021.0","Units",""
"__export__.product_template_169_27fe0d30","1/16"" HEX DRIVER","B304","Tim Lines","1.0","0.0","746.0","716.0","Units",""
"__export__.product_template_213_265d8384","1/4"" FLAT WRENCH","G303","Tim Lines","1.91","0.38","2241.0","2237.0","Units",""
"__export__.product_template_475_dbeefe56","1/4x3/8 10-24 TSL Z","N207","MINDS-i","1.0","0.54","1145.0","1145.0","Units",""
"__export__.product_template_270_0734f46c","10 TOOTH PINION GEAR","F303","Tim Lines","11.0","2.17","192.0","192.0","Units",""
"__export__.product_template_100_86e34a66","10-45 BEAM","i304","Tim Lines","1.0","0.22","253.0","163.0","Units",""
"__export__.product_template_363_054ff1b7","10-58 GEAR SET","A503","Tim Lines","98.0","19.52","38.0","6.0","Units",""
"__export__.product_template_7_f19334bf","10-BEAM","J405","Tim Lines","1.15","0.23","676.0","682.0","Units",""
"__export__.product_template_590_9ccd4c7a","100mm Linear Actuator","","MINDS-i","0.0","0.0","0.0","0.0","Units",""
"__export__.product_template_277_a53627a6","10x15x4mm BEARING","G302","Tim Lines","1.0","0.0","3084.0","3084.0","Units",""
"__export__.product_template_102_544e2c3b","11-45 BEAM","i305","Tim Lines","0.21","0.17","12343.0","12195.0","Units",""
"__export__.product_template_90_1d7e931d","11-BEAM","J301","Tim Lines","1.15","0.23","262.0","-155.0","Units",""
"__export__.product_template_268_8e88f3a4","1100KV BRUSHLESS MOTOR","","Tim Lines","1.0","0.0","0.0","0.0","Units",""
"__export__.product_template_233_6cb29453","1100KV BRUSHLESS MOTOR MOUNT","","Tim Lines","1.0","0.0","0.0","0.0","Units",""
"__export__.product_template_78_31feb2f0","12-BEAM","J302","Tim Lines","0.21","0.23","-248.0","-426.0","Units",""
"__export__.product_template_111_7fece14f","12mm WHEEL NUT","i706","Tim Lines","1.0","0.13","6438.0","6438.0","Units",""
"__export__.product_template_8_30dff4f5","13-BEAM","J303","Tim Lines","1.15","0.23","303.0","-7.0","Units",""
"__export__.product_template_463_1f05bb57","14 AWG ""AUTO ZIP"" WIRE","","MINDS-i","0.41","0.41000000000000003","622.28","622.28","ft",""
"__export__.product_template_89_332df230","14-BEAM","J304","Tim Lines","1.15","0.23","252.0","26.0","Units",""
"__export__.product_template_135_042b6b7d","1408 MOTOR MOUNT","","Tim Lines","1.0","0.24","0.0","0.0","Units",""
"__export__.product_template_10_46e4f589","15-BEAM","J305","Tim Lines","1.15","0.18","17393.0","13955.0","Units","Alert"
"__export__.product_template_211_afd9c58c","15-T PINION","","Tim Lines","1.0","0.0","12.0","12.0","Units",""
"__export__.product_template_265_49cc4022","15LB TUBE SCALE","D202","Tim Lines","14.0","17.490000000000002","132.0","102.0","Units",""
"__export__.product_template_442_f9b83d74","16' RETRACTABLE POLES","","Tim Lines","1.0","0.0","0.0","-10.0","Units",""
"__export__.product_template_269_5cfb2b5c","17 TOOTH PINION GEAR","F302","Tim Lines","1.0","0.0","76.0","76.0","Units",""
"__export__.product_template_391_5b395d1a","17-58 Gear Set","A502","Tim Lines","1.0","0.0","19.0","0.0","Units",""
"__export__.product_template_112_c1d5b611","17mm WHEEL NUT","i704","Tim Lines","1.0","0.13","3007.0","3007.0","Units",""
"__export__.product_template_92_8abd41f0","2-45 BEAM","i401","Tim Lines","1.15","0.23","974.0","656.0","Units",""
"__export__.product_template_86_0190a4c2","2-BEAM","J502","Tim Lines","1.15","0.23","2670.0","2234.0","Units",""
"__export__.product_template_534_8a868321","2-DRIVELINE FEMALE","","MINDS-i","0.9","0.18","0.0","0.0","Units",""
"__export__.product_template_530_aacb3463","2-DRIVELINE FEMALE ASSEMBLY","","MINDS-i","8.0","1.55","0.0","0.0","Units",""
"__export__.product_template_536_57cccf1f","2-DRIVELINE MALE","","MINDS-i","0.9","0.18","0.0","0.0","Units",""
"__export__.product_template_324_0b36c0b0","2-DRIVELINE MALE ASSEMBLY","","Tim Lines","8.0","1.55","0.0","0.0","Units",""
"__export__.product_template_14_4f83f51a","2-LOCK","H503","Tim Lines","0.4","0.08","42441.0","42226.0","Units",""
"__export__.product_template_19_955e4083","2-PIN","H404","Tim Lines","0.15","0.03","58588.0","58373.0","Units",""
"__export__.product_template_15_a5331b1b","2-ROTATE","H604","Tim Lines","0.4","0.08","47790.0","47790.0","Units",""
"__export__.product_template_307_e07b4bd5","2.0"" THREAD COLLAR","F508","Tim Lines","1.0","0.0","72.0","72.0","Units",""
"__export__.product_template_300_a13580e1","2.4"" FOUR-LINK ARM","F408","Tim Lines","1.0","0.0","618.0","618.0","Units",""
"__export__.product_template_163_38e81f6a","2.5x10mm DOWEL PIN","G512","Tim Lines","1.0","0.0","5214.0","5214.0","Units","Alert"
"__export__.product_template_588_6ecaec9e","20'x20'","","MINDS-i","1.0","0.0","0.0","0.0","Units",""
"__export__.product_template_589_a83b14ef","2015-PLAIN","","MINDS-i","1.0","0.0","0.0","0.0","Units",""
"__export__.product_template_474_06bf9f9e","2205 MOTOR","B703","MINDS-i","1.0","11.6","40.0","-266.0","Units","Alert"
"__export__.product_template_25_5e72abe5","2205 MOTOR MOUNT","i604","Tim Lines","1.0","0.34","2636.0","2344.0","Units",""
"__export__.product_template_612_f530e584","22KZ24 (0.190"" OD Black)","","MINDS-i","0.5","0.05","0.0","0.0","in",""
"__export__.product_template_613_a9cafcb2","22KZ27 (0.190 OD Red","","MINDS-i","0.5","0.05","0.0","0.0","in",""
"__export__.product_template_394_cc5092c4","23,500 RPM MOTOR LABEL","","Tim Lines","1.0","0.0","173.0","173.0","Units",""
"__export__.product_template_215_058641c4","23,500 RPM MOTOR WITH WIRE","","Tim Lines","1.0","3.2","20.0","1.0","Units",""
"__export__.product_template_212_9d2168ca","23-T PINION","","Tim Lines","1.0","0.0","0.0","0.0","Units",""
"__export__.product_template_219_9b6c10b9","24"" x 48"" BLACK ABS SHEET","","Tim Lines","1.0","0.0","0.0","0.0","Units",""
"__export__.product_template_372_2e76abb1","250 PIECE","A501","Tim Lines","176.0","35.1","9.0","9.0","Units",""
"__export__.product_template_488_f38583be","250 PIECE BAG 1: BEAMS","C701","MINDS-i","1.0","21.25","19.0","14.0","Units",""
"__export__.product_template_490_45cb818d","250 PIECE BAG 2: 45 BEAMS AND TRANSITIONS","C702","MINDS-i","1.0","0.0","1.0","16.0","Units",""
"__export__.product_template_492_05a0327c","250 PIECE BAG 3: CONNECTORS","C703","MINDS-i","1.0","0.0","32.0","2.0","Units",""
"__export__.product_template_627_bc170157","2XL Minds-i Shirt","","MINDS-i","1.0","0.0","0.0","0.0","Units",""
"__export__.product_template_183_fd294c15","2mm  GOLD CONNECTORS","","Tim Lines","0.09","0.09","2200.0","1588.0","Units",""
"__export__.product_template_495_11d7fb06","3 AXIS GIMBAL RIG FRAME","","MINDS-i","1.0","0.0","0.0","0.0","Units",""
"__export__.product_template_181_ec481931","3 Channel Radio","C10x","Tim Lines","55.0","2.16","2.0","-26.0","Units",""
"__export__.product_template_294_a0da090f","3 PIN CABLE FLAT - LATCHED","B603","Tim Lines","1.0","0.0","1822.0","1463.0","Units",""
"__export__.product_template_295_15b14e53","3 PIN CABLE FLAT - SEPERATE","B605","Tim Lines","1.0","0.0","751.0","513.0","Units",""
"__export__.product_template_451_35c93cba","3"" DISK","F309","Chris Lines","1.0","0.0","71.0","-3.0","Units",""
"__export__.product_template_452_cd084124","3"" DISK RUBBER TIRE","F309","Chris Lines","1.0","0.0","200.0","126.0","Units",""
"__export__.product_template_134_de77d27e","3"" DUCT","","Tim Lines","1.0","0.64","0.0","0.0","Units",""
"__export__.product_template_276_b4b18070","3"" SERVO WHEEL","F309","Tim Lines","1.0","0.0","8.0","82.0","Units",""
"__export__.product_template_60_26ece7a6","3' USB CABLE","F605","Tim Lines","1.0","0.0","228.0","63.0","Units","Alert"
"__export__.product_template_93_7ae6ab9d","3-45 BEAM","i402","Tim Lines","1.15","0.23","155.0","-318.0","Units",""
"__export__.product_template_2_87fac896","3-BEAM","J503","Tim Lines","1.15","0.23","1861.0","1415.0","Units",""
"__export__.product_template_538_0367c167","3-DRIVELINE FEMALE","","MINDS-i","0.9","0.18","0.0","-56.0","Units",""
"__export__.product_template_529_f161a93f","3-DRIVELINE FEMALE ASSEMBLY","","MINDS-i","8.0","1.55","-1.0","62.0","Units",""
"__export__.product_template_539_2afeaa2b","3-DRIVELINE MALE","","MINDS-i","0.18","0.18","0.0","-54.0","Units",""
"__export__.product_template_323_7c23ccc0","3-DRIVELINE MALE ASSEMBLY","","Tim Lines","8.0","1.55","-11.0","56.0","Units",""
"__export__.product_template_583_b16f77b7","3-Elbow","","MINDS-i","1.0","0.0","0.0","0.0","Units",""
"__export__.product_template_17_89ecd57b","3-LOCK","H504","Tim Lines","0.7","0.14","12612.0","12375.0","Units",""
"__export__.product_template_20_99e9c5ab","3-PIN","H405","Tim Lines","0.7","0.14","15469.0","15232.0","Units",""
"__export__.product_template_107_5f2fde7a","3-ROTATE","H605","Tim Lines","0.6","0.12","12762.0","12762.0","Units",""
"__export__.product_template_301_979fd8c2","3.6"" FOUR-LINK ARM","F407","Tim Lines","1.0","0.0","4528.0","4528.0","Units",""
"__export__.product_template_231_5570893a","3/16"" BALL STUD","G406","Tim Lines","1.0","0.2","719.0","621.0","Units",""
"__export__.product_template_487_3125c792","3/16"" POLYCARBONATE SHEET","","MINDS-i","1.0","0.0","12.0","12.0","Units",""
"__export__.product_template_137_1498e929","3/16"" QUICK CONNECT FEMALE","F502","MINDS-i","0.04","0.04","1324.0","1324.0","Units",""
"__export__.product_template_82_1f05aed7","3/32 HEX KEY","G509","Chris Lines","1.0","0.16","958.0","869.0","Units","Alert"
"__export__.product_template_40_97bc38f5","3/32"" HEX DRIVER","B303","Tim Lines","1.0","0.0","452.0","393.0","Units",""
"__export__.product_template_52_3e56a41f","3/4 IN PVC COUPLING","L302","Tim Lines","2.0","0.4","638.0","144.0","Units",""
"__export__.product_template_450_fd08bde4","3/4 IN PVC COUPLING WITH CENTERHOLE","D502","Chris Lines","1.0","0.0","4.0","122.0","Units",""
"__export__.product_template_54_49e689f6","3/4 IN PVC CROSS","D501","Tim Lines","18.7","3.74","46.0","-142.0","Units",""
"__export__.product_template_55_553e4f98","3/4 IN PVC ELBOWS","D503","Tim Lines","2.75","0.55","258.0","-494.0","Units",""
"__export__.product_template_522_bece9729","3/4 IN PVC PIPE  10 FOOT","XX02","MINDS-i","1.0","0.0","0.0","-111.0","Units",""
"__export__.product_template_56_9b002deb","3/4 IN PVC PIPE 12""","D505","Tim Lines","1.0","0.0","308.0","-92.0","Units",""
"__export__.product_template_83_a823a2f9","3/8"" 32 OZ. ELASTIC BAND","","Chris Lines","1.0","0.0","2821.0","2623.0","Units",""
"__export__.product_template_232_3effbb31","3/8"" BALL STUD","G407","Tim Lines","1.0","0.0","7186.0","7186.0","Units",""
"__export__.product_template_168_1691f58c","3/8"" STANDOFF","G707","Tim Lines","1.0","0.0","152.0","112.0","Units",""
"__export__.product_template_472_33e3750f","3/8"" WASHER","G706","Chris Lines","1.0","0.0","310.0","230.0","Units",""
"__export__.product_template_508_cb564823","3061 1/4-20 X .5"" BHSCS","N203","MINDS-i","1.5","0.29","562.0","562.0","Units",""
"__export__.product_template_288_69cdf994","320A BRUSHED ESC","A504","Tim Lines","158.0","28.34","76.0","-4.0","Units",""
"__export__.product_template_453_fbfd85a1","3mm BLACK POLYCARBONATE SHEET","","Chris Lines","1.0","0.0","0.0","-62.0","Units",""
"__export__.product_template_296_0eb5b685","4 PIN CABLE LATCHED-SEPERATE","B502","Tim Lines","1.0","0.0","28.0","18.0","Units","Alert"
"__export__.product_template_286_3f48c561","4 PIN ENCODER CABLE","H704","Tim Lines","1.0","0.0","57.0","57.0","Units",""
"__export__.product_template_566_17a8beca","4 Pin Encoder Cable Unfinished","","MINDS-i","1.0","0.0","0.0","0.0","Units",""
"__export__.product_template_94_4d32db3e","4-45 BEAM","i403","Tim Lines","1.15","0.23","1075.0","937.0","Units",""
"__export__.product_template_87_b9041dd1","4-BEAM","J504","Tim Lines","1.15","0.23","1315.0","373.0","Units",""
"__export__.product_template_541_b7c49dd6","4-DRIVELINE FEMALE","","MINDS-i","0.9","0.18","0.0","0.0","Units",""
"__export__.product_template_528_05fd59d7","4-DRIVELINE FEMALE ASSEMBLY","","MINDS-i","8.0","1.55","0.0","0.0","Units",""
"__export__.product_template_540_5f64c896","4-DRIVELINE MALE","","MINDS-i","0.9","0.18","0.0","0.0","Units",""
"__export__.product_template_322_836388a0","4-DRIVELINE MALE ASSEMBLY","","Tim Lines","8.0","1.55","0.0","0.0","Units",""
"__export__.product_template_267_34a5cc29","4.0mm BRUSHLESS MOTOR ADAPTER","","Tim Lines","1.0","0.0","0.0","0.0","Units",""
"__export__.product_template_302_31975116","4.8"" FOUR-LINK ARM","F406","Tim Lines","0.7","0.0","-27.0","-27.0","Units","Alert"
"__export__.product_template_182_2df83293","4500mah 4S 35~70C Lipo Pack","ELE-LIPO-450","Tim Lines","1.0","0.0","0.0","0.0","Units",""
"__export__.product_template_614_5b5644cf","4NKT1 (0.75"" OD Clear)","","MINDS-i","1.0","0.07","0.0","0.0","in",""
"__export__.product_template_389_283d35d0","4mm AXLE REAR HUB","A705","Tim Lines","1.0","0.0","17.0","-16.0","Units",""
"__export__.product_template_390_9f3cabce","4mm AXLE STEERING HUB","A704","Tim Lines","1.0","0.0","16.0","-17.0","Units",""
"__export__.product_template_397_6263e5de","4x4","","Tim Lines","750.0","0.0","5.0","14.0","Units",""
"__export__.product_template_413_2bc41025","4x4 ACCESSORIES","A606","MINDS-i","1.0","0.0","36.0","22.0","Units",""
"__export__.product_template_399_72cafddb","4x4 BAG 1: BEAMS","A201","Tim Lines","156.0","23.11","19.0","21.0","Units",""
"__export__.product_template_417_4768746e","4x4 BAG 2: BEAMS 2","A202","Tim Lines","57.0","11.28","16.0","6.0","Units",""
"__export__.product_template_400_f575e7ed","4x4 BAG 3: CONNECTORS","A203","Tim Lines","620.0","42.35","18.0","4.0","Units",""
"__export__.product_template_402_a5ec93aa","4x4 DRIVELINES","A603","Tim Lines","114.0","22.8","0.0","-3.0","Units",""
"__export__.product_template_245_ca33fc18","4x4 INSTRUCTIONS","E401","Tim Lines","17.0","17.0","26.0","12.0","Units",""
"__export__.product_template_401_245015ae","4x4 STEERING","A601","Tim Lines","18.0","3.59","21.0","7.0","Units",""
"__export__.product_template_371_727a130e","4x4 TOOLS AND FASTENERS","A302","Chris Lines","205.0","41.0","26.0","-4.0","Units",""
"__export__.product_template_398_62f02fb8","4x4 WHEELS AND TIRES","","Tim Lines","1.0","0.0","131.0","117.0","Units",""
"__export__.product_template_23_bb19fba4","5"" DUCT GREEN","M102","Tim Lines","1.0","0.77","4475.0","4289.0","Units",""
"__export__.product_template_24_449ee534","5"" DUCT ORANGE","M101","Tim Lines","1.0","0.77","3315.0","3129.0","Units","Alert"
"__export__.product_template_585_f37b49f0","5' PVC Pipe","","MINDS-i","1.0","0.0","140.0","140.0","Units",""
"__export__.product_template_95_d08aa203","5-45 BEAM","i404","Tim Lines","1.0","0.22","271.0","133.0","Units",""
"__export__.product_template_3_eb5ef99e","5-BEAM","J505","Tim Lines","1.15","0.23","2155.0","1673.0","Units",""
"__export__.product_template_542_ceb4fbba","5-DRIVELINE FEMALE","","MINDS-i","0.9","0.18","0.0","-28.0","Units",""
"__export__.product_template_527_36fd21ce","5-DRIVELINE FEMALE ASSEMBLY","","MINDS-i","8.0","1.55","71.0","99.0","Units",""
"__export__.product_template_543_57c4c12e","5-DRIVELINE MALE","","MINDS-i","0.9","0.18","0.0","-28.0","Units",""
"__export__.product_template_321_0683e9c3","5-DRIVELINE MALE ASSEMBLY","","Tim Lines","8.0","1.55","59.0","65.0","Units",""
"__export__.product_template_59_7fce7515","5/32 DRILLROD 3'","","Tim Lines","1.0","0.58","0.0","0.0","Units",""
"__export__.product_template_421_c0f513ba","5/32"" TOOL","N301","Tim Lines","1.0","0.0","31.0","10.0","Units",""
"__export__.product_template_273_c21072a8","5000 RPM MOTOR LABEL","E701","Tim Lines","1.0","0.0","1091.0","1081.0","Units",""
"__export__.product_template_214_a077da89","5000 RPM MOTOR WITH WIRE","L102B","Tim Lines","10.5","3.2","11.0","-40.0","Units",""
"__export__.product_template_337_c831e60c","5045 PROPELLER CCW","A405","Tim Lines","2.0","0.31","591.0","535.0","Units",""
"__export__.product_template_338_b6392ddb","5045R PROPELLER CW","A404","Tim Lines","2.0","0.31","594.0","538.0","Units",""
"__export__.product_template_271_a4d97338","58 TOOTH SPUR GEAR","F301","Tim Lines","61.65","12.33","157.0","157.0","Units",""
"__export__.product_template_355_9946f679","5mm AXLE REAR HUB","A610","Tim Lines","1.0","0.0","25.0","7.0","Units",""
"__export__.product_template_356_600e63d1","5mm AXLE STEERING HUB","A706","Tim Lines","1.0","0.0","50.0","14.0","Units",""
"__export__.product_template_523_2ec8897e","5v 3.2A Step Down Voltage Regulator","F203","MINDS-i","19.95","0.0","88.0","100.0","Units",""
"__export__.product_template_96_2ab82051","6-45 BEAM","i405","Tim Lines","1.15","0.23","239.0","117.0","Units",""
"__export__.product_template_4_71a517e3","6-BEAM","J401","Tim Lines","1.15","0.23","614.0","183.0","Units",""
"__export__.product_template_545_eacb5da8","6-DRIVELINE FEMALE","","MINDS-i","0.18","0.18","0.0","266.0","Units",""
"__export__.product_template_526_7b53acca","6-DRIVELINE FEMALE ASSEMBLY","","MINDS-i","8.0","1.55","0.0","71.0","Units",""
"__export__.product_template_544_3aef14dd","6-DRIVELINE MALE","","MINDS-i","0.9","0.18","0.0","272.0","Units",""
"__export__.product_template_320_a3dc7f90","6-DRIVELINE MALE ASSEMBLY","I601","Tim Lines","8.0","1.55","0.0","43.0","Units",""
"__export__.product_template_278_4a0d1187","6x12x4mm BEARING","G301","Tim Lines","0.25","0.25","1123.0","1123.0","Units",""
"__export__.product_template_346_df838119","6x6 (Super Rover Kit)","","Tim Lines","1200.0","0.0","2.0","-167.0","Units",""
"__export__.product_template_359_bde678fe","6x6 ACCESSORY","A605","Tim Lines","1.0","0.0","8.0","-10.0","Units",""
"__export__.product_template_347_f433a737","6x6 BAG 1: BEAMS 1","C401","Tim Lines","1.0","0.0","11.0","15.0","Units",""
"__export__.product_template_348_58036f41","6x6 BAG 2: BEAMS 2","C402","Tim Lines","1.0","0.0","25.0","7.0","Units",""
"__export__.product_template_349_ad434e69","6x6 BAG 3: TRANSITIONS","C403","Tim Lines","1.0","0.0","7.0","-11.0","Units",""
"__export__.product_template_350_4633ca8d","6x6 BAG 4: CONNECTORS 1","C404","Tim Lines","1.0","0.0","15.0","-3.0","Units",""
"__export__.product_template_351_ef159390","6x6 BAG 5: CONNECTORS 2","C405","Tim Lines","1.0","0.0","16.0","-2.0","Units",""
"__export__.product_template_358_6b2d8251","6x6 DRIVELINE","A604","Tim Lines","228.0","45.56","4.0","7.0","Units",""
"__export__.product_template_246_bc079b83","6x6 INSTRUCTIONS","E403","Tim Lines","15.8","15.8","110.0","92.0","Units",""
"__export__.product_template_357_95b62bec","6x6 STEERING","A602","Tim Lines","58.0","11.42","32.0","8.0","Units",""
"__export__.product_template_366_bab439ea","6x6 TOOLS AND FASTENERS","A301","MINDS-i","88.0","17.43","9.0","-8.0","Units",""
"__export__.product_template_367_de6929af","6x6 WHEELS AND TIRES","","Tim Lines","1.0","0.0","54.0","36.0","Units",""
"__export__.product_template_592_0c3c6070","6x6 Wheel","","MINDS-i","1.0","0.0","445.0","445.0","Units",""
"__export__.product_template_97_8a5510a8","7-45 BEAM","i301","Tim Lines","0.21","0.22","510.0","420.0","Units",""
"__export__.product_template_5_3b19fa4c","7-BEAM","J402","Tim Lines","1.15","0.23","837.0","564.0","Units",""
"__export__.product_template_548_8c3bde93","7-DRIVELINE FEMALE","","MINDS-i","0.9","0.18","0.0","80.0","Units",""
"__export__.product_template_525_8f1383c0","7-DRIVELINE FEMALE ASSEMBLY","","MINDS-i","8.0","1.55","0.0","0.0","Units",""
"__export__.product_template_547_9aa76cff","7-DRIVELINE MALE","","MINDS-i","0.18","0.18","13.0","120.0","Units",""
"__export__.product_template_319_51c0a936","7-DRIVELINE MALE ASSEMBLY","I601","Tim Lines","15.0","2.92","0.0","0.0","Units",""
"__export__.product_template_393_3ca135a1","7.2V 23,500 RPM DC MOTOR","L103","Tim Lines","1.0","0.0","173.0","173.0","Units",""
"__export__.product_template_369_d366c7b7","7.2V 5000 RPM DC MOTOR","L102","MINDS-i","1.0","0.0","1071.0","1061.0","Units",""
"__export__.product_template_209_38a1ff80","78-T SPUR","DRI-SPGR-078","Tim Lines","1.0","0.0","0.0","0.0","Units",""
"__export__.product_template_81_98d70521","7mm HEX DRIVER DYNAMITE","B505","Chris Lines","2.99","2.99","0.0","-3.0","Units",""
"__export__.product_template_98_179490d9","8-45 BEAM","i302","Tim Lines","0.21","0.22","9.0","-25.0","Units",""
"__export__.product_template_633_845e8b42","8-46","","MINDS-i","0.0","0.0","0.0","0.0","Units",""
"__export__.product_template_6_82694a4e","8-BEAM","J403","Tim Lines","1.15","0.23","2461.0","2181.0","Units",""
"__export__.product_template_125_f9e0d3e4","8-DRIVELINE FEMALE","I605","Tim Lines","0.9","0.18","4701.0","4007.0","Units",""
"__export__.product_template_524_9082f5ff","8-DRIVELINE FEMALE ASSEMBLY","I603","MINDS-i","8.0","1.55","12.0","1.0","Units",""
"__export__.product_template_124_48c8662e","8-DRIVELINE MALE","I705","Tim Lines","0.9","0.18","4714.0","3822.0","Units",""
"__export__.product_template_318_9454db8f","8-DRIVELINE MALE ASSEMBLY","I603","Tim Lines","8.0","1.55","0.0","8.0","Units",""
"__export__.product_template_572_07d83f84","80/20 1010-S 14""","","MINDS-i","1.0","0.0","0.0","-34.0","Units",""
"__export__.product_template_497_b390c544","80/20 1010-S 25""","","MINDS-i","1.0","0.0","14.0","-42.0","Units",""
"__export__.product_template_620_a8951e14","80/20 2828 10 Series Tread Strip","","MINDS-i","1.0","0.0","0.0","0.0","Units",""
"__export__.product_template_500_63665e6e","80/20 3393 1/4-20 x 1/2"" BHSCS","N204","MINDS-i","3.0","0.56","1419.0","487.0","Units",""
"__export__.product_template_499_da109c94","80/20 4136 10 Series Corners","N201","MINDS-i","1.0","0.0","200.0","22.0","Units",""
"__export__.product_template_210_1eeab05a","87-T SPUR","DRI-SPGR-087","Tim Lines","1.0","0.0","0.0","0.0","Units",""
"__export__.product_template_80_6f006a9e","8mm  HEX DRIVER DYNAMITE","B504","Chris Lines","2.99","2.99","41.0","165.0","Units",""
"__export__.product_template_99_9b3f503c","9-45 BEAM","i303","Tim Lines","1.15","0.23","111.0","5.0","Units",""
"__export__.product_template_88_ac5ae7cf","9-BEAM","J404","Tim Lines","1.15","0.23","361.0","375.0","Units",""
"__export__.product_template_85_b5c029ab","90mm SHOCK","","Chris Lines","5.68","5.68","0.0","-164.0","Units",""
"__export__.product_template_362_9b0f37a4","90mm SHOCKS KIT","A304","Tim Lines","87.0","17.39","35.0","35.0","Units",""
"__export__.product_template_298_55f7b165","9V BATTERY ADAPTER","F501","Tim Lines","1.0","0.0","25.0","25.0","Units",""
"__export__.product_template_512_577a273d","AA BATTERY","E506","MINDS-i","1.0","0.0","404.0","316.0","Units","Alert"
"__export__.product_template_204_d6233862","ACLW-001 GRABBER HOOK","","Tim Lines","1.0","0.0","0.0","0.0","Units",""
"__export__.product_template_205_bb66ee18","ACLW-002 GRABBER PLATE","","Tim Lines","1.0","0.0","0.0","0.0","Units",""
"__export__.product_template_127_7f857c41","ANTENNA MOUNT","H703","Tim Lines","1.0","0.0","2019.0","2019.0","Units",""
"__export__.product_template_28_0ab97172","APM FLIGHT CONTROLLER","F601","Tim Lines","29.0","29.0","567.0","526.0","Units","Alert"
"__export__.product_template_191_88538eb5","AR Aircraft Receiver","ETX-AR6C-610","Tim Lines","1.0","0.0","0.0","0.0","Units",""
"__export__.product_template_66_eddc8262","ARDUINO BASE PLATE","E505","Tim Lines","1.0","2.95","70.0","10.0","Units",""
"__export__.product_template_317_ef2d47e1","ARDUINO BATTERY HARNESS","F702","Tim Lines","1.0","0.0","54.0","22.0","Units",""
"__export__.product_template_142_8a2130d9","ARDUINO LEONARDO","B403","Tim Lines","1.0","15.63","145.0","32.0","Units",""
"__export__.product_template_403_633c4b71","ARDUINO ROBOT","PTT-ARD2-001","MINDS-i","475.0","158.42000000000002","0.0","0.0","Units",""
"__export__.product_template_404_d44778eb","ARDUINO ROBOT BAG 1: BEAMS","C801","Tim Lines","1.0","0.0","6.0","6.0","Units",""
"__export__.product_template_405_3fc72686","ARDUINO ROBOT BAG 2: TRANSITIONS","C802","Tim Lines","1.0","0.0","5.0","5.0","Units",""
"__export__.product_template_406_510872be","ARDUINO ROBOT BAG 3: SCREWS","C803","Tim Lines","1.0","0.0","37.0","5.0","Units",""
"__export__.product_template_407_27ab28ec","ARDUINO ROBOT BAG 4: CONNECTORS","C804","Tim Lines","1.0","0.0","37.0","5.0","Units",""
"__export__.product_template_408_f39b5f3c","ARDUINO ROBOT BAG 5: ELECTRONICS","C805","Tim Lines","1.0","0.0","2.0","2.0","Units",""
"__export__.product_template_244_cbc94d86","ARDUINO ROBOT INSTRUCTIONS","E101","Tim Lines","13.1","13.1","29.0","-3.0","Units",""
"__export__.product_template_454_010ae20e","ARDUINO ROBOT TOOLS","A303","Tim Lines","58.0","11.52","32.0","0.0","Units",""
"__export__.product_template_373_4256ebaa","ARDUINO UPGRADE","","Tim Lines","410.0","0.0","5.0","54.0","Units",""
"__export__.product_template_484_8c0b6bfe","ARDUINO UPGRADE BAG 1: BEAMS","C601","MINDS-i","1.0","0.0","12.0","-23.0","Units",""
"__export__.product_template_485_1c15753e","ARDUINO UPGRADE BAG 2: CONNECTORS","C602","MINDS-i","1.0","0.0","37.0","-42.0","Units",""
"__export__.product_template_486_7ff94476","ARDUINO UPGRADE BAG 3: ELECTRONICS","C603","MINDS-i","1.0","0.0","1.0","-16.0","Units",""
"__export__.product_template_247_3a98032b","ARDUINO UPGRADE INSTRUCTIONS","E405","Tim Lines","8.95","8.950000000000001","36.0","-43.0","Units",""
"__export__.product_template_248_ea6ef79e","ARDUINO USER GUIDE INSTRUCTIONS","E406","Tim Lines","13.5","13.5","0.0","-111.0","Units",""
"__export__.product_template_567_b6b0f956","AUTONOMOUS SELF DRIVING GROUND VEHICLE","MCK-UGLB-001","MINDS-i","3450.0","0.0","0.0","0.0","Units",""
"__export__.product_template_149_6585b4fe","AVERY BINDER 2""","","Tim Lines","1.0","7.23","7.0","-11.0","Units",""
"__export__.product_template_108_207896b0","AXLE HOUSING","J605","Tim Lines","1.0","0.13","4081.0","4081.0","Units",""
"__export__.product_template_493_2c1c3aac","BAG 12""x20"" 1.5MIL","","MINDS-i","1.0","0.0","85.0","53.0","Units",""
"__export__.product_template_494_86ff7f7b","BAG 20""x24"" 1.5MIL","","MINDS-i","1.0","0.0","30.0","30.0","Units",""
"__export__.product_template_489_a1d1728f","BAG 6""x12"" 3MIL","","MINDS-i","1.0","0.0","-28.0","-53.0","Units",""
"__export__.product_template_517_57b74f5e","BALING WIRE","","MINDS-i","1.0","0.0","823.36","823.36","ft",""
"__export__.product_template_203_0baa9275","BALL CUPS 13mm","F305","Tim Lines","1.0","0.0","127.0","119.0","Units",""
"__export__.product_template_117_307d452d","BATTERY CAP","J703","Tim Lines","1.0","0.12","4419.0","4415.0","Units",""
"__export__.product_template_49_1fc11f0f","BATTERY CHARGER LIPO","","Tim Lines","130.0","26.0","0.0","0.0","Units",""
"__export__.product_template_184_908db7d7","BATTERY Y HARNESS","F804","Tim Lines","1.0","0.0","-1.0","-2.0","Units",""
"__export__.product_template_141_4faad6d9","BLACK SILICONE CAP","F806","Tim Lines","1.0","0.1","43.0","43.0","Units",""
"__export__.product_template_76_3b689c0a","BLACK TOOL HANDLE","","Tim Lines","1.0","1.9000000000000001","0.0","0.0","Units",""
"__export__.product_template_171_39774e3d","BLACK TOOL HANDLE SET","TOL-HDBL-001","Tim Lines","1.0","0.0","0.0","0.0","Units",""
"__export__.product_template_113_52b7d79b","BODY POST","H702","Tim Lines","1.0","0.38","1055.0","1055.0","Units",""
"__export__.product_template_243_b0d6ad71","BREADBOARD FRONT PLATE / BACK PLATE","","Tim Lines","1.0","0.0","7.0","-3.0","Units",""
"__export__.product_template_381_ddefc9a3","BUILD A MOTOR","C205","Chris Lines","1.0","0.0","32.0","11.0","Units",""
"__export__.product_template_263_b3d54896","BULK FOAM (2.8"")","","Tim Lines","1.0","0.9500000000000001","0.0","0.0","Units",""
"__export__.product_template_264_e3661deb","BULK FOAM (3.8"")","K302","Tim Lines","1.0","2.0","3.0","3.0","Units",""
"__export__.product_template_259_c7708cc1","BULK TIRE (2.8"" BADLANDS)","","Tim Lines","1.0","2.65","0.0","0.0","Units",""
"__export__.product_template_260_0e3dc305","BULK TIRE (3.8"" BADLANDS)","","Tim Lines","1.0","3.8000000000000003","3.0","3.0","Units",""
"__export__.product_template_262_1f51c3d4","BULK WHEEL (2.8"" DESPERADO)","","Tim Lines","1.0","1.54","0.0","0.0","Units",""
"__export__.product_template_261_0f5dd3c5","BULK WHEEL (3.8"" DESPERADO)","","Tim Lines","1.0","3.8000000000000003","3.0","3.0","Units",""
"__export__.product_template_440_ae749001","BUNGEE CORDS","","Tim Lines","1.0","0.0","0.0","-300.0","Units",""
"__export__.product_template_42_3210b32d","CABLE TIE 4""","E706","Tim Lines","1.0","0.2","701.0","113.0","Units",""
"__export__.product_template_41_49c2bfa4","CABLE TIE 8""","E707","Tim Lines","0.35","0.07","9072.0","8672.0","Units",""
"__export__.product_template_314_a26eecb4","CARBON ARM","FRM-MRCA-001","Tim Lines","1.0","0.0","0.0","0.0","Units",""
"__export__.product_template_105_401bbfdf","CARBON ARM END","","Tim Lines","1.0","0.38","0.0","0.0","Units",""
"__export__.product_template_133_076c1e93","CARBON FIBER TUBE","","Tim Lines","1.0","3.44","0.0","0.0","Units",""
"__export__.product_template_428_a61cd514","CATAPULT LAB","MCK-CKWM-001","MINDS-i","175.0","0.0","0.0","0.0","Units",""
"__export__.product_template_483_1a071fe6","CATAPULT LAB CLASSROOM 10 PACK W 10 CURRICULUM HOURS","MCK-CKWM-C10","MINDS-i","1250.0","0.0","0.0","0.0","Units",""
"__export__.product_template_377_d154a369","CATAPULT SUPPORT MATERIAL","C905","Tim Lines","1.0","0.0","23.0","0.0","Units",""
"__export__.product_template_110_ef7f7b4e","CENTER DIFFERENTIAL CASE","J704","Tim Lines","1.0","0.38","1831.0","1831.0","Units",""
"__export__.product_template_12_4b8812b7","CLEARANCE THREAD ADAPTER","i501","Tim Lines","0.05","0.01","94477.0","93312.0","Units",""
"__export__.product_template_299_c38aac24","COLORED PUSH BUTTON","B601","Tim Lines","1.0","0.0","92.0","8.0","Units",""
"__export__.product_template_427_fbd6785f","COMPETITION KIT 4x4","","Tim Lines","1.0","0.0","0.0","0.0","Units",""
"__export__.product_template_447_e6f05b2a","COMPETITION KIT UAV","CPK-UAM2-001","MINDS-i","1275.0","0.0","15.0","34.0","Units",""
"__export__.product_template_621_5a0bb447","COMPETITION MULTIROTOR","","MINDS-i","1.0","0.0","2.0","-11.0","Units",""
"__export__.product_template_195_f349fc5e","CONTINUOUS ROTATION ROBOTIC SERVO (With Hardware)","A402","Tim Lines","160.0","31.43","164.0","100.0","Units",""
"__export__.product_template_282_2ef9d748","CORRUGATED BOXES 18x12x10""","L202","Tim Lines","1.0","0.0","241.0","193.0","Units",""
"__export__.product_template_70_bdc7532f","CORRUGATED BOXES 18x12x6","L201","Tim Lines","1.0","0.0","345.0","303.0","Units",""
"__export__.product_template_610_b584ae4a","CORRUGATED BOXES 20x20x8","","MINDS-i","1.0","0.0","0.0","0.0","Units",""
"__export__.product_template_285_bbc903d1","CORRUGATED BOXES 26x18x16""","M202","Tim Lines","1.0","0.0","54.0","24.0","Units",""
"__export__.product_template_558_cb278401","CORRUGATED BOXES 28x28x12""","M103","MINDS-i","1.0","0.0","15.0","-4.0","Units",""
"__export__.product_template_284_e193cb19","CORRUGATED BOXES 32x18x18""","M201","Tim Lines","1.0","0.0","88.0","88.0","Units",""
"__export__.product_template_611_032c83bd","CORRUGATED BOXES 60x8x8","","MINDS-i","1.0","0.0","0.0","0.0","Units",""
"__export__.product_template_240_2a0b0567","COSMETIC PANELS","E501","Tim Lines","1.0","0.0","14.0","2.0","Units",""
"__export__.product_template_586_c687413c","Cross","","MINDS-i","1.0","0.0","13.0","13.0","Units",""
"__export__.product_template_35_3277cae2","D-SHOT BULLET ESC","B702","Tim Lines","1.0","9.200000000000001","-83.0","-389.0","Units",""
"__export__.product_template_252_c1896ce9","DESIGN JOURNAL INSTRUCTIONS","","Tim Lines","5.75","5.75","0.0","0.0","Units",""
"__export__.product_template_109_8cac098b","DIFFERENTIAL CASE","J705","Tim Lines","1.0","0.13","5101.0","5101.0","Units",""
"__export__.product_template_193_7c2a7191","DIFFERENTIAL GEAR SET","B301","Tim Lines","30.0","6.0","175.0","175.0","Units",""
"__export__.product_template_304_e300bc10","DIFFERENTIAL SPOOL","F401","Tim Lines","1.0","0.0","648.0","648.0","Units",""
"__export__.product_template_353_0b771ab9","DIFFERENTIAL W/ SPOOL","A702","Tim Lines","1.0","0.0","58.0","-25.0","Units",""
"__export__.product_template_131_9ebdc6af","DISC GEAR REDUCER","H502","Tim Lines","1.0","8.69","159.0","159.0","Units",""
"__export__.product_template_218_c372eff2","DISPLAY BOARD MATERIAL","","Tim Lines","1.0","0.0","0.0","0.0","Units",""
"__export__.product_template_139_3fdeae87","DPDT SLIDE SWITCH","","Tim Lines","0.31","0.31","0.0","0.0","Units",""
"__export__.product_template_126_2e8dd5c9","DRIVELINE YOKE","i504","Tim Lines","3.0","0.6","7539.0","6613.0","Units",""
"__export__.product_template_425_dc80c766","DRONE CURRICULUM 45","MCK-UASL-045","MINDS-i","596.25","0.0","1.0","13.0","Units",""
"__export__.product_template_430_2ae2319b","DRONE CURRICULUM 90HR","MCK-DRSL-090","MINDS-i","596.25","0.0","-1.0","0.0","Units",""
"__export__.product_template_274_88743fe3","DRONE DUCT LABEL","PCK-VNLM-004","Tim Lines","1.0","0.0","0.0","0.0","Units",""
"__export__.product_template_251_543e895c","DRONES 45 BINDER","","Tim Lines","150.0","0.0","0.0","-6.0","Units",""
"__export__.product_template_557_2387d235","DRONES 45 DEMO BOOK","","MINDS-i","0.0","0.0","0.0","0.0","Units",""
"__export__.product_template_250_4be08e57","DRONES 90 BINDER","PRT-B90D-001","Tim Lines","1.0","0.0","0.0","0.0","Units",""
"__export__.product_template_429_50d1003b","DRONES LAB UGV + UAV","MCK-DRLB-MR2","MINDS-i","5400.0","0.0","0.0","0.0","Units",""
"__export__.product_template_521_42c76234","DUAL MOTOR BATTERY CABLE","","MINDS-i","1.0","0.0","0.0","-18.0","Units",""
"__export__.product_template_412_91e44d4f","DUAL MOTOR ENCODER KIT","C604","Tim Lines","1.0","0.0","6.0","4.0","Units",""
"__export__.product_template_578_2bf766a9","DUAL MOTOR Upgrade Module for Super Rover Kit ","","MINDS-i","1.0","0.0","0.0","1.0","Units",""
"__export__.product_template_354_be5e3de1","DUAL OUTPUT DIFFERENTIAL","A703","Tim Lines","1.0","0.0","33.0","15.0","Units",""
"__export__.product_template_104_493153e2","DUAL TRANSITION","J601","Tim Lines","1.0","0.17","9659.0","9367.0","Units",""
"__export__.product_template_312_de26a540","DUCT","DUC-DU00-001","Tim Lines","1.0","0.0","0.0","0.0","Units",""
"__export__.product_template_384_dd09a3e0","ELECTRIC CAR BAG 1: BEAMS","C501","Tim Lines","1.0","0.0","12.0","1.0","Units",""
"__export__.product_template_385_4143492c","ELECTRIC CAR BAG 2: 45-BEAMS AND TRANSITIONS","C502","Tim Lines","1.0","0.0","12.0","1.0","Units",""
"__export__.product_template_386_ac24256f","ELECTRIC CAR BAG 3: CONNECTORS","C503","Tim Lines","1.0","0.0","28.0","9.0","Units",""
"__export__.product_template_388_feef409e","ELECTRIC CAR BAG 4: STEERING AND DRIVELINES","C504","Tim Lines","1.0","0.0","12.0","-5.0","Units",""
"__export__.product_template_461_059d209f","ELECTRIC CAR CURRICULUM (Digital)","MCK-ECSL-045","MINDS-i","596.25","79.2","9998.0","10002.0","Units",""
"__export__.product_template_327_0520e952","ELECTRIC CAR INSTRUCTIONS","E305","Chris Lines","13.4","13.4","79.0","60.0","Units",""
"__export__.product_template_383_db5749ad","ELECTRIC CAR LAB","MCK-ECLB-2WD","MINDS-i","625.0","0.0","1.0","0.0","Units",""
"__export__.product_template_172_10979d50","ELECTRONIC SPEED CONTROLLER","ELE-SCBR-300","Tim Lines","1.0","0.0","0.0","0.0","Units",""
"__export__.product_template_146_cc1f590e","EMX-SC-1772","","Tim Lines","1.0","5.94","400.0","400.0","Units",""
"__export__.product_template_465_10532a71","ENCODER MOTOR GEARBOX ASSEMBLY","H701","Tim Lines","1.0","0.0","54.0","54.0","Units",""
"__export__.product_template_132_0fac976b","ENCODER SHAFT","","Tim Lines","1.0","17.6","69.0","69.0","Units",""
"__export__.product_template_33_3983d38e","EXTENSION PLUG","F707","Tim Lines","0.16","0.16","684.0","547.0","Units",""
"__export__.product_template_207_27be6301","FELT CATAPULT MAT","B705","Tim Lines","42.0","18.0","163.0","156.0","Units",""
"__export__.product_template_189_72ab5d92","FEMALE XT60 CONNECTOR","ELE-XT60-F01","Tim Lines","1.0","0.0","0.0","0.0","Units",""
"__export__.product_template_249_e151d316","FOUNDATIONS BINDER","","Tim Lines","1.0","0.0","0.0","0.0","Units",""
"__export__.product_template_431_af24a4f4","FOUNDATIONS CURRICULUM","MCK-FDSL-090","MINDS-i","556.5","0.0","0.0","1.0","Units",""
"__export__.product_template_396_1f7a2ff1","FOUNDATIONS LAB 4x4 (90 Hour)","MCK-FDLB-4X4","MINDS-i","2700.0","0.0","0.0","0.0","Units",""
"__export__.product_template_379_4136038a","FOUNDATIONS LAB 6x6 (90 Hour)","MCK-FDLB-6X6","MINDS-i","3000.0","0.0","30.0","-10.0","Units",""
"__export__.product_template_432_bb9c4fe4","FOUNDATIONS TEACHERS' RESOURCE","MCK-FDTR-001","MINDS-i","1100.0","0.0","1.0","3.0","Units",""
"__export__.product_template_123_88f13016","FRONT WHEEL HUB","i607","Tim Lines","1.0","0.59","4804.0","4804.0","Units",""
"__export__.product_template_122_e922e468","FRONT WHEEL KNUCKLE","i606","Tim Lines","1.0","0.39","2981.0","2981.0","Units",""
"__export__.product_template_179_c8e5ec71","FUNCTION DIGITAL MULTIMETER","D201","Tim Lines","1.0","5.99","104.0","55.0","Units",""
"__export__.product_template_561_bc08f831","Four Wheel Steering Upgrade Module for 4x4 Robot Kits","","MINDS-i","0.0","0.0","0.0","-2.0","Units",""
"__export__.product_template_439_d64971f4","G4 SCREWS","","Tim Lines","1.0","0.0","0.0","-50.0","Units",""
"__export__.product_template_315_3d334cc8","GEAR REDUCER","H601","Tim Lines","42.0","29.990000000000002","29.0","-1.0","Units",""
"__export__.product_template_266_3d4c0798","GEAR REDUCTION UNIT","H501","Tim Lines","1.0","0.0","143.0","143.0","Units",""
"__export__.product_template_433_8689607c","GIMBAL BAG 1","A804","Chris Lines","1.0","0.0","2.0","1.0","Units",""
"__export__.product_template_434_ff6f9b7c","GIMBAL BAG 2","A805","Chris Lines","1.0","0.0","2.0","1.0","Units",""
"__export__.product_template_435_28aa0ce0","GIMBAL BAG 3","A806","Chris Lines","1.0","0.0","1.0","0.0","Units",""
"__export__.product_template_510_0ffbec86","GIMBAL CENTER BAR","N302","MINDS-i","1.0","0.0","21.0","-1.0","Units",""
"__export__.product_template_343_715f4213","GIMBAL KIT","A902","Tim Lines","1.0","0.0","25.0","-5.0","Units",""
"__export__.product_template_31_d956a6c5","GPS","F602","Tim Lines","17.0","17.0","639.0","602.0","Units",""
"__export__.product_template_573_35e77900","Gimbal 1/4 Inner Ring","N303","MINDS-i","1.0","0.0","84.0","84.0","Units",""
"__export__.product_template_574_aac4327c","Gimbal 1/4 Outer Ring","N304","MINDS-i","1.0","0.0","84.0","84.0","Units",""
"__export__.product_template_503_dd75d044","Gimbal Rig 3D Bearing Holders","","MINDS-i","1.0","0.0","50.0","-6.0","Units",""
"__export__.product_template_502_c9a1dd66","Gimbal Rig Feet","","MINDS-i","1.0","0.0","0.0","-95.0","Units",""
"__export__.product_template_505_f4fa2d38","Gyro Bracket","","MINDS-i","1.0","1.24","4683.0","4123.0","Units",""
"__export__.product_template_507_94b2c646","Gyro Carbon Part Set","","MINDS-i","1.0","235.91","43.0","15.0","Units",""
"__export__.product_template_568_3b0be7ff","Gyro Frame Latch","","MINDS-i","7.5","1.5","0.0","0.0","Units",""
"__export__.product_template_504_2c395b56","Gyro Pin","N202","MINDS-i","45.75","9.15","114.0","-54.0","Units",""
"__export__.product_template_506_baf0d1df","Gyro Plate","","MINDS-i","1.0","0.0","0.0","-56.0","Units",""
"__export__.product_template_223_4d016cf3","HARD CASE","PCK-OWHC-001","Tim Lines","1.0","0.0","0.0","0.0","Units",""
"__export__.product_template_437_595f44f9","HARD CASE","","Tim Lines","1.0","0.0","0.0","-8.0","Units",""
"__export__.product_template_513_3eff66f3","HEX ADAPTER 12mm","","MINDS-i","1.0","0.0","220.0","220.0","Units",""
"__export__.product_template_514_af7fcd14","HEX ADAPTER 17mm","","MINDS-i","1.0","0.0","466.0","466.0","Units",""
"__export__.product_template_591_eb3656bd","HMC5883L 3-Axis Electronic Compass","","MINDS-i","0.0","0.0","0.0","0.0","Units",""
"__export__.product_template_194_0a5d841a","HS-311 STANDARD SERVO","D301","Tim Lines","1.0","0.0","55.0","15.0","Units",""
"__export__.product_template_370_99e197d1","HS-485HB Karbonite Gear BB Servo","A10X","Tim Lines","29.0","14.99","0.0","108.0","Units",""
"__export__.product_template_58_003584cb","HS-485HB SERVO (With Hardware)","A401","Tim Lines","67.0","13.290000000000001","35.0","-113.0","Units",""
"__export__.product_template_196_8b183191","HS-645MG SERVO","ESV-HSMG-645","Tim Lines","1.0","0.0","0.0","0.0","Units",""
"__export__.product_template_197_42ab9c00","HS-755MG GIANT SCALE SERVO","ESV-HSMG-755","Tim Lines","1.0","0.0","0.0","0.0","Units",""
"__export__.product_template_409_5a21c1e5","HSR-2645CRH ROBOT SERVO CONTINUOS ROTATION","","Tim Lines","145.0","28.990000000000002","0.0","0.0","Units",""
"__export__.product_template_200_b0ddd78e","HVY DUTY ROD ENDS BLACK/12","F306","Tim Lines","1.12","0.22","2414.0","2386.0","Units","Alert"
"__export__.product_template_380_59e58e6b","INERTIA PLUG","F504","Chris Lines","1.0","0.0","62.0","34.0","Units",""
"__export__.product_template_556_0fc65b42","INTERF","","MINDS-i","1.0","0.0","0.0","0.0","Units",""
"__export__.product_template_13_96ab8c58","INTERFERENCE THREAD ADAPTER","i502","Tim Lines","0.5","0.1","16548.0","15944.0","Units",""
"__export__.product_template_292_1d06a2ce","IR Distance Sensor","ELE-IRDS-108","Tim Lines","1.0","0.0","0.0","0.0","Units",""
"__export__.product_template_206_a9306d28","IRIS STORAGE BOX","CON-SBIR-501","Tim Lines","1.0","0.0","0.0","0.0","Units",""
"__export__.product_template_576_c374c005","JR to Futaba Servo Wire","","MINDS-i","1.0","0.0","0.0","0.0","Units",""
"__export__.product_template_32_1b436edb","JST TO BULLET CABLE","B802","Tim Lines","1.2","1.2","695.0","695.0","Units",""
"__export__.product_template_222_676249f2","KYOSHO MALE","ELE-KYML-066","Tim Lines","1.0","0.0","0.0","0.0","Units",""
"__export__.product_template_360_751260c9","LARGE 4-LINK BARS","A609","Tim Lines","1.0","0.0","113.0","77.0","Units",""
"__export__.product_template_446_2b08bdfe","LARGE DRONE CAGE ASSEMBLY INSTRUCTIONS","","Tim Lines","1.0","0.0","0.0","-1.0","Units",""
"__export__.product_template_424_5f10c201","LARGE DRONE CAGE SYSTEM","CPK-DRCG-003","MINDS-i","18750.0","0.0","0.0","1.0","Units",""
"__export__.product_template_241_28736f51","LARGE SERVO PLATE","CHS-PASP-002","Tim Lines","1.0","0.0","0.0","0.0","Units","Alert"
"__export__.product_template_297_01cd6b00","LCD DISPLAY","D302","Tim Lines","1.0","0.0","36.0","26.0","Units",""
"__export__.product_template_130_776c5ecb","LEAF SPRING","","Tim Lines","4.0","0.66","0.0","0.0","Units",""
"__export__.product_template_552_0fa8f589","LEAF SPRINGS PAIR","A403","MINDS-i","7.0","1.32","1386.0","1380.0","Pairs",""
"__export__.product_template_291_24e15f79","LIPO / NIMH CHARGER","A506","Tim Lines","60.0","27.29","37.0","-167.0","Units",""
"__export__.product_template_618_e3a364b1","LIPO Adapter","A305","MINDS-i","1.0","0.0","0.0","0.0","Units","Alert"
"__export__.product_template_47_3de291ea","LIPO BATTERY","B404","Tim Lines","30.0","0.0","146.0","-101.0","Units",""
"__export__.product_template_48_389efc62","LIPOLY SAFETY BAG","D606","Tim Lines","1.0","0.0","44.0","-41.0","Units",""
"__export__.product_template_217_cce83a3a","LITHIUM HANDLING LABEL","","Tim Lines","1.0","0.0","-2.0","-21.0","Units",""
"__export__.product_template_129_f2385431","LONG SERVO HORN","J602","Tim Lines","3.0","0.6","6976.0","6954.0","Units",""
"__export__.product_template_201_f24d1e13","LONG SHANK ROD ENDS BLACK/12","F308","Tim Lines","1.12","0.22","1424.0","1352.0","Units",""
"__export__.product_template_279_19517eca","LUNAR ROVER SOLAR PANEL","ELE-SPLR-001","Tim Lines","1.0","0.0","0.0","0.0","Units",""
"__export__.product_template_600_96039d80","Landing Pad","","MINDS-i","1.0","0.0","0.0","0.0","Units","Alert"
"__export__.product_template_623_d0256101","Large Minds-i Shirt","","MINDS-i","1.0","0.0","20.0","20.0","Units",""
"__export__.product_template_438_2f94eba2","M12 WRENCHES","","Tim Lines","1.0","0.0","0.0","-10.0","Units",""
"__export__.product_template_167_800ed514","M3 WASHER","G506","Tim Lines","1.0","0.0","534.0","534.0","Units",""
"__export__.product_template_448_be4a3d1c","M3-0.5 x 6mm ISO 4762/DIN 912 Hex Drive Grade A2-70 Stainless Steel Socket Cap Screw","G612","Tim Lines","1.0","0.0","4900.0","4900.0","Units",""
"__export__.product_template_165_aaddfa14","M3-0.5x25mm SCREW","G609","Tim Lines","1.0","0.0","454.0","454.0","Units",""
"__export__.product_template_164_ce395bb5","M3x6mm SCREW","G608","Tim Lines","1.0","0.0","1651.0","1651.0","Units",""
"__export__.product_template_341_c30744d2","M3x8mm SCREW","B703","Tim Lines","1.0","0.0","-80.0","-400.0","Units",""
"__export__.product_template_478_6a15f2a2","M4 9021 FEND WASH Z","N205","MINDS-i","1.0","0.03","275.0","275.0","Units",""
"__export__.product_template_160_2994c3db","M4 WASHER","G505","Tim Lines","1.0","0.0","1959.0","1959.0","Units",""
"__export__.product_template_309_12e91785","M4 WHEEL END SHAFT","F509","Tim Lines","1.0","0.0","1670.0","1670.0","Units",""
"__export__.product_template_477_a1b15190","M4 x 8 BHSCS A-2","N206","MINDS-i","1.0","0.19","263.0","263.0","Units",""
"__export__.product_template_158_01f080cb","M4-0.7 NYLOCK","G502","Tim Lines","1.0","0.0","1955.0","1955.0","Units",""
"__export__.product_template_151_0c263778","M5 WASHER","G504","Tim Lines","1.0","0.6","1868.0","1868.0","Units",""
"__export__.product_template_310_2fa005b6","M5 WHEEL END SHAFT","F510","Tim Lines","0.74","0.0","593.0","593.0","Units",""
"__export__.product_template_159_522ba1ee","M5-0.8 NYLOCK","G501","Tim Lines","1.0","0.0","1879.0","1879.0","Units",""
"__export__.product_template_138_75f96a8f","MALE BULLET CONNECTOR","F503","MINDS-i","0.05","0.05","1327.0","1327.0","Units",""
"__export__.product_template_50_5adc1288","MALE TO MALE SERVO LEAD","B501","Tim Lines","1.0","0.0","63.0","-313.0","Units",""
"__export__.product_template_468_895e3e83","MARZ ROVER INSTRUCTIONS","E402","Tim Lines","18.25","18.25","13.0","11.0","Units",""
"__export__.product_template_630_3fa351c9","MARZ ROVER UPGRADE","","MINDS-i","1.0","0.0","1.0","1.0","Units",""
"__export__.product_template_415_8bc86742","MEDIUM 4-LINK BARS","A608","Tim Lines","1.0","0.0","8.0","-6.0","Units",""
"__export__.product_template_445_f2a115c7","MEDIUM DRONE CAGE ASSEMBLY INSTRUCTIONS","","Tim Lines","1.0","0.0","0.0","0.0","Units",""
"__export__.product_template_423_e90a2abd","MEDIUM DRONE CAGE SYSTEM","CPK-DRCG-002","MINDS-i","12750.0","0.0","0.0","0.0","Units",""
"__export__.product_template_516_a4838a5a","MINDS-i T-Shirt","","MINDS-i","15.0","0.0","29.0","29.0","Units",""
"__export__.product_template_75_6034f479","MINDS-i TOOL","B503","Tim Lines","23.0","4.5600000000000005","20.0","-337.0","Units",""
"__export__.product_template_237_e7e164ef","MINI MR STRETCH X BOTTOM","DRN-DMSB-001","Tim Lines","1.0","0.0","0.0","0.0","Units",""
"__export__.product_template_236_ad95fc51","MINI MR STRETCH X TOP","DRN-DMST-001","Tim Lines","1.0","0.0","0.0","0.0","Units",""
"__export__.product_template_235_c4a9485e","MINI MR X BOTTOM PLATE","DRN-DMBP-001","Tim Lines","1.0","0.0","0.0","0.0","Units",""
"__export__.product_template_234_266b7d83","MINI MR X TOP PLATE","DRN-DMTP-001","Tim Lines","1.0","0.0","0.0","0.0","Units",""
"__export__.product_template_339_ef252bdd","MOTOR 2205 - 30A ESC CCW","","Tim Lines","1.0","0.0","-10.0","106.0","Units",""
"__export__.product_template_340_c2cdae80","MOTOR 2205 - 30A ESC CW","","Tim Lines","1.0","0.0","-10.0","100.0","Units",""
"__export__.product_template_114_81ffb105","MOTOR CASE A","J701","Tim Lines","1.0","0.12","940.0","940.0","Units",""
"__export__.product_template_115_c2c7e9cb","MOTOR CASE B","J702","Tim Lines","1.0","0.12","911.0","911.0","Units",""
"__export__.product_template_352_570264f5","MOTOR GEARBOX","A701","Tim Lines","1.0","0.0","58.0","-12.0","Units",""
"__export__.product_template_303_41a8939e","MOTOR SHAFT","F405","Tim Lines","1.0","0.0","1251.0","1251.0","Units",""
"__export__.product_template_84_6e997c86","MOTOR SPANNER WRENCH","G304","Chris Lines","1.0","0.0","185.0","79.0","Units","Alert"
"__export__.product_template_316_ef95f510","MOTOR WIRES","F505","Tim Lines","1.0","0.0","40.0","30.0","Units",""
"__export__.product_template_329_cb61401b","MR2 BAG 1: PLATES","C301","Tim Lines","1.0","0.0","72.0","1.0","Units",""
"__export__.product_template_331_cc045462","MR2 BAG 2: MOTOR MOUNT","C302","Tim Lines","1.0","0.0","11.0","-9.0","Units",""
"__export__.product_template_332_8583b7cb","MR2 BAG 3: ESC","C303","Tim Lines","1.0","0.0","70.0","-3.0","Units",""
"__export__.product_template_333_d16f6680","MR2 BAG 4: CONNECTORS","C304","Tim Lines","1.0","0.0","76.0","5.0","Units",""
"__export__.product_template_334_55cc2546","MR2 BAG 5: LANDING GEAR","C305","Tim Lines","1.0","0.0","73.0","2.0","Units",""
"__export__.product_template_335_3516df8e","MR2 BAG 6: TOOLS","C201","Tim Lines","1.0","0.0","25.0","39.0","Units",""
"__export__.product_template_336_ce23d97d","MR2 BAG 7: APM","C202","Tim Lines","1.0","0.0","56.0","4.0","Units",""
"__export__.product_template_330_b9b0c428","MULTIROTOR","","Tim Lines","1.0","0.0","13.0","-19.0","Units",""
"__export__.product_template_473_24c2b8bb","MULTIROTOR BASE PLATES SET","","Tim Lines","1.0","0.0","-23.0","28.0","Units",""
"__export__.product_template_68_24cb4431","MULTIROTOR INSTRUCTIONS","","Tim Lines","14.25","14.25","186.0","115.0","Units","Alert"
"__export__.product_template_571_799624d6","Marz Rover APM","C904","MINDS-i","1.0","0.0","0.0","-2.0","Units",""
"__export__.product_template_625_d903ccac","Medium Minds-i Shirt","","MINDS-i","1.0","0.0","0.0","0.0","Units",""
"__export__.product_template_634_d1547206","Micro Continuous Rotation Servo","","MINDS-i","0.0","0.0","0.0","0.0","Units",""
"__export__.product_template_628_42257a37","Minds-i Pop","","MINDS-i","0.0","0.0","0.0","0.0","Units",""
"__export__.product_template_629_f067a32f","Minds-i Popup Banner","xxxx","MINDS-i","1.0","135.0","0.0","0.0","Units",""
"__export__.product_template_616_6a7f72f3","Misc","","MINDS-i","0.0","0.0","0.0","0.0","Units",""
"__export__.product_template_441_90395d18","NETTING SET","","Tim Lines","1.0","0.0","0.0","-1.0","Units",""
"__export__.product_template_173_404d7545","NI-MH CHARGER","","Tim Lines","12.6","2.52","0.0","0.0","Units","Alert"
"__export__.product_template_71_23c792c6","NIMH BATTERY","B405","Tim Lines","1.0","16.9","46.0","-77.0","Units","Alert"
"__export__.product_template_565_ca442842","OEM Hitec Male (silver pin)  [F501]","","MINDS-i","1.0","0.0","0.0","0.0","Units",""
"__export__.product_template_410_9108114a","ONE YEAR LAB","MCK-1YLB-MR2","MINDS-i","6750.0","0.0","0.0","2.0","Units",""
"__export__.product_template_287_a189e612","OPTICAL ENCODER","ELE-ENOP-100","Tim Lines","1.0","0.0","30.0","30.0","Units",""
"__export__.product_template_216_a3b521a8","OVERPACK LABEL","","Tim Lines","1.0","0.0","-2.0","-21.0","Units",""
"__export__.product_template_458_f801fd40","PAGES FOR DRONE CURRICULUM 45","","Tim Lines","79.2","79.2","0.0","-14.0","Units",""
"__export__.product_template_460_02bdafa5","PAGES FOR DRONE CURRICULUM 90","E103","Tim Lines","95.17","95.17","3.0","2.0","Units",""
"__export__.product_template_462_ab712b7b","PAGES FOR ELECTRIC CAR CURRICULUM","","Tim Lines","39.5","39.5","3.0","2.0","Units",""
"__export__.product_template_459_6dbbe137","PAGES FOR FOUNDATIONS CURRICULUM","E102","Tim Lines","73.21","73.21000000000001","7.0","5.0","Units",""
"__export__.product_template_16_7207519d","PANEL-LOCK","H506","Tim Lines","0.4","0.08","17273.0","16233.0","Units",""
"__export__.product_template_470_9b76ffbc","PARACORD 1000' SPOOL","","Chris Lines","0.25","0.05","4843.76","3691.76","ft","Alert"
"__export__.product_template_449_b72e32ce","PARACORD 4'","D504","Chris Lines","49.0","9.66","27.0","33.0","Units",""
"__export__.product_template_258_873696a9","PETG","","Tim Lines","1.0","0.0","0.0","0.0","Units",""
"__export__.product_template_74_b05cdeee","PID TEST RACK","","Tim Lines","1.0","0.0","2.0","11.0","Units",""
"__export__.product_template_256_c8a61949","PING ULTRASONIC RANGE FINDER","B402","Tim Lines","1.0","17.990000000000002","151.0","-124.0","Units",""
"__export__.product_template_392_c2f6ca4c","PINION SET SCREW","F303","Tim Lines","2.5","0.5","64.0","64.0","Units",""
"__export__.product_template_344_b5e14fa9","POWER MODULE WITH BATTERY HARNESS","B803","Chris Lines","5.0","5.0","195.0","154.0","Units",""
"__export__.product_template_345_0a18204e","POWER MODULE WITH XT60 CONNECTORS","B801","Chris Lines","3.0","3.0","680.0","680.0","Units",""
"__export__.product_template_419_de854ba2","PRE-BUILT MINDS-I UAV IN 3 AXIS GIMBAL","","Tim Lines","1.0","0.0","0.0","7.0","Units",""
"__export__.product_template_509_d50359b0","PRE-BUILT MULTIROTOR FOR GIMBAL","","MINDS-i","1.0","0.0","4.0","-2.0","Units",""
"__export__.product_template_342_88be51c1","PROP NUT","XXXX","Tim Lines","1.0","0.0","-20.0","-100.0","Units",""
"__export__.product_template_311_b3ef6fb1","PROPELLER TIGHTENING TOOL","","Tim Lines","1.0","0.0","0.0","0.0","Units",""
"__export__.product_template_579_191f8d20","PVC 5-Way","","MINDS-i","1.0","0.0","2.0","2.0","Units",""
"__export__.product_template_564_f2f6e1f4","PVC CAGE","CPK-DRCG-PVC","MINDS-i","2099.0","0.0","0.0","-3.0","Units",""
"__export__.product_template_584_3d28500e","PVC Cap","","MINDS-i","1.0","0.0","0.0","0.0","Units",""
"__export__.product_template_609_608385f7","PVC Cutter","","MINDS-i","1.0","0.0","4.0","4.0","Units",""
"__export__.product_template_563_b0e17a84","PVC FIELD ELEMENTS","CPK-FLDE-001","MINDS-i","599.0","0.0","0.0","0.0","Units",""
"__export__.product_template_597_99ce10cb","Plain Ping Pong Ball","XXXX","MINDS-i","1.0","0.0","0.0","0.0","Units",""
"__export__.product_template_602_a7bbc5d8","Plastic Bucket","","MINDS-i","1.0","0.0","0.0","0.0","Units","Alert"
"__export__.product_template_601_a13037c2","Platform","","MINDS-i","1.0","0.0","0.0","0.0","Units","Alert"
"__export__.product_template_608_e8216455","Pool Noodle","","MINDS-i","1.0","0.0","0.0","0.0","Units",""
"__export__.product_template_257_87e2007b","QTI - LF PCB ASSY","B401","Tim Lines","6.99","6.99","196.0","-50.0","Units",""
"__export__.product_template_170_73fd223a","RACE CAR WHEELS AND TIRES","B305","Tim Lines","1.0","0.0","12.0","-7.0","Units",""
"__export__.product_template_599_1e848af2","RACECAR BODY","","MINDS-i","0.0","0.0","0.0","0.0","Units",""
"__export__.product_template_255_45575894","RACECAR INSTRUCTIONS","","Tim Lines","13.65","13.65","11.0","11.0","Units",""
"__export__.product_template_57_079f1a4e","REALFLIGHT FLIGHT SIMULATOR","D901","Tim Lines","315.0","179.0","36.0","5.0","Units","Alert"
"__export__.product_template_121_52475e5a","REAR WHEEL HUB","I707","Tim Lines","1.0","0.39","4965.0","4965.0","Units",""
"__export__.product_template_144_d8e73b37","RED LASER MODULE","B604","Tim Lines","1.0","4.28","142.0","34.0","Units",""
"__export__.product_template_176_42481ffd","REFLECTIVE TAPE","FSN-RTWH-001","Tim Lines","1.0","0.0","0.0","0.0","Units",""
"__export__.product_template_192_de983e3f","RING AND PINION GEAR SET","B302","Tim Lines","40.0","8.0","154.0","154.0","Units",""
"__export__.product_template_22_9ee80712","ROBOT SERVO HORN","J604","Tim Lines","3.0","0.6","6800.0","6778.0","Units",""
"__export__.product_template_229_d26b2935","ROD END BALL","G409","Tim Lines","0.25","0.25","9929.0","9929.0","Units",""
"__export__.product_template_202_da572ae1","ROD END/BALL CONNECTOR (6)","F309","Tim Lines","0.37","0.37","2891.0","2891.0","Units",""
"__export__.product_template_374_1db6f315","ROTATING CONNECTORS","C705","Tim Lines","1.0","0.0","30.0","0.0","Units",""
"__export__.product_template_281_f70b30b2","RUBBER BANDS 2 1/2 x 1/4""","FSN-RB62-005","Tim Lines","1.0","0.0","0.0","0.0","Units",""
"__export__.product_template_136_adb9db5a","SAFETY DUCT SCREEN","","Tim Lines","1.0","6.13","0.0","0.0","Units",""
"__export__.product_template_43_2f221fb4","SAFETY GLASSES","B701","Tim Lines","1.0","0.0","134.0","150.0","Units",""
"__export__.product_template_375_54f66cef","SCREW ADAPTER","C505","Tim Lines","1.0","0.0","71.0","41.0","Units",""
"__export__.product_template_293_25cd79d2","SENSOR SHIELD","B602","Tim Lines","1.0","7.65","354.0","250.0","Units",""
"__export__.product_template_199_6b2e534f","SERVO BUSHING","ESV-HSBU-001","Tim Lines","1.0","0.0","0.0","0.0","Units",""
"__export__.product_template_198_1bdc4173","SERVO BUSHING SLEEVE","ESV-HSBS-001","Tim Lines","1.0","0.0","0.0","0.0","Units",""
"__export__.product_template_376_4a3fed68","SERVO LINKAGE","C605","Tim Lines","1.0","0.0","62.0","32.0","Units",""
"__export__.product_template_560_eb14777c","SERVO LINKAGE KIT","","MINDS-i","1.0","0.0","0.0","-4.0","Units",""
"__export__.product_template_120_351718d5","SERVO MOUNT","i505","Tim Lines","0.5","0.1","12808.0","12773.0","Units",""
"__export__.product_template_67_fd2f171d","SERVO PLATE","E606","Tim Lines","1.0","0.0","147.0","1141.0","Units",""
"__export__.product_template_378_ca6ad076","SERVO PLATE PLUS HARDWARE","","Tim Lines","1.0","0.0","0.0","0.0","Units",""
"__export__.product_template_275_1e5e8922","SERVO PLUGS","ELE-SPLP-444","Tim Lines","1.0","0.0","0.0","0.0","Units",""
"__export__.product_template_190_b5f24a1a","SERVO Y-HARNESS W/REVERSER","F304","Tim Lines","1.0","0.0","2.0","33.0","Units",""
"__export__.product_template_593_72196ce5","SERVO Y-HARNESS W/REVERSER BOARD","","MINDS-i","1.0","0.0","-1.0","-50.0","Units",""
"__export__.product_template_230_faf76ec4","SHOCK MOUNT","G410","Tim Lines","0.75","0.15","10248.0","10084.0","Units",""
"__export__.product_template_177_7e5b7f59","SHRINK TUBING 0.25""","FSN-STBL-025","Tim Lines","1.0","0.0","0.0","0.0","Units",""
"__export__.product_template_175_e168f8ba","SHRINK TUBING 0.75""","","Tim Lines","1.0","0.0","99.0","50.0","Units",""
"__export__.product_template_72_a84d62ca","SHROUD STUD","F403","Tim Lines","1.0","0.31","2775.0","2775.0","Units",""
"__export__.product_template_414_3a63cff0","SMALL 4-LINK BARS","A607","Tim Lines","1.0","0.0","18.0","4.0","Units",""
"__export__.product_template_444_5255c6f3","SMALL DRONE CAGE ASSEMBLY INSTRUCTIONS","","Tim Lines","1.0","0.0","0.0","0.0","Units",""
"__export__.product_template_422_5f6e343b","SMALL DRONE CAGE SYSTEM","CPK-DRCG-001","MINDS-i","11000.0","0.0","0.0","0.0","Units",""
"__export__.product_template_280_911520a7","SOLAR CHARGE CONTROLLER","ELE-SPCC-001","Tim Lines","1.0","0.0","0.0","0.0","Units",""
"__export__.product_template_178_c0ac4d4c","SOLDER ROSIN CORE","XX01","Tim Lines","1.0","0.0","1.0","1.0","Units",""
"__export__.product_template_119_83a3457f","STEERING BAR","I801","Tim Lines","0.5","0.1","3654.0","3640.0","Units",""
"__export__.product_template_116_0ea25698","STEERING BRACKET","I802","Tim Lines","0.5","0.1","3619.0","3605.0","Units",""
"__export__.product_template_118_9b2a0cd8","STEERING PLATE","I803","Tim Lines","0.5","0.1","3846.0","3832.0","Units",""
"__export__.product_template_128_845a4974","STEERING SERVO HORN","J603","Tim Lines","3.0","0.6","6879.0","6847.0","Units",""
"__export__.product_template_27_01a7df8d","STORAGE BIN","","Tim Lines","12.99","12.99","220.0","-44.0","Units",""
"__export__.product_template_64_7f3916a6","STRETCH X BOTTOM PLATE","E503B","Tim Lines","1.0","0.0","29.0","29.0","Units",""
"__export__.product_template_63_b2d98375","STRETCH X TOP PLATE","E504B","Tim Lines","1.0","0.0","29.0","29.0","Units",""
"__export__.product_template_103_a8939895","SUPPORT ARM","i503","Tim Lines","2.0","0.38","5990.0","5592.0","Units",""
"__export__.product_template_595_eaa90122","Shipping","","MINDS-i","1.0","0.0","0.0","0.0","Units",""
"__export__.product_template_624_172b9a1e","Small Minds-i Shirt","","MINDS-i","1.0","0.0","0.0","0.0","Units",""
"__export__.product_template_518_e567bf0a","Spektrum TX/RX USB Programming Cable","","MINDS-i","0.0","0.0","0.0","0.0","Units",""
"__export__.product_template_180_d1f4ae6d","TACHOMETER","D101","Tim Lines","79.8","36.99","1.0","-29.0","Units","Alert"
"__export__.product_template_382_0ba3a06b","TAMIYA CHARGER ADAPTER","A505","Chris Lines","18.0","3.45","123.0","40.0","Units",""
"__export__.product_template_220_cf584168","TAMIYA FEMALE","ELE-TMFL-067","Tim Lines","1.0","0.0","0.0","0.0","Units",""
"__export__.product_template_185_4af4b095","TAMIYA FEMALE TO XT60 MALE CABLE","","Tim Lines","1.0","0.0","0.0","0.0","Units",""
"__export__.product_template_188_a0e5dae9","TAMIYA MALE TO XT60 FEMALE CABLE","F803","Tim Lines","1.0","0.0","109.0","109.0","Units",""
"__export__.product_template_186_03591d55","TAMIYA PLUG","","Tim Lines","1.0","0.0","0.0","0.0","Units",""
"__export__.product_template_221_417bd23c","TAMIYA PLUG WITH 10cm LEADS, FEMALE","F705","Tim Lines","1.73","1.73","140.0","140.0","Units",""
"__export__.product_template_395_00d17f28","TAMIYA PLUG WITH 10cm LEADS, MALE","F704","Chris Lines","1.0","0.0","184.0","184.0","Units",""
"__export__.product_template_30_ed58c259","TELEMETRY KIT","F603","Tim Lines","28.0","28.0","356.0","278.0","Units",""
"__export__.product_template_617_76bba617","TELEMETRY RADIO CABLE (PRE-2022))","","MINDS-i","14.0","0.0","0.0","0.0","Units",""
"__export__.product_template_443_ee8fb673","TEXTURED FOOT PLATES","","Tim Lines","1.0","0.0","0.0","-8.0","Units",""
"__export__.product_template_187_c2b08488","TGY-I6S RADIO CONTROLLER","D701","Tim Lines","120.0","50.85","320.0","189.0","Units",""
"__export__.product_template_147_715c3215","TORNADO T1 1407 MOTOR (CW)","","Tim Lines","1.0","8.0","0.0","0.0","Units",""
"__export__.product_template_11_624f66cc","TRANSITION","J501","Tim Lines","1.0","0.19","10322.0","8999.0","Units","Alert"
"__export__.product_template_436_76286ee5","TRUSS FRAME PARTS","","Tim Lines","1.0","0.0","0.0","-118.0","Units",""
"__export__.product_template_272_ca16b91a","TUBE FABRIC","","Tim Lines","1.0","0.0","0.0","0.0","Units",""
"__export__.product_template_242_59a0d68d","TURNTABLE PLATE","E605","Tim Lines","1.0","0.26","82.0","82.0","Units",""
"__export__.product_template_582_e2655198","Tee","","MINDS-i","1.0","0.0","25.0","25.0","Units",""
"__export__.product_template_559_7594db79","Tracking","","MINDS-i","1.0","0.0","0.0","0.0","Units",""
"__export__.product_template_615_7a4df8d3","Tracking # 559834463940 (Remainder)","","MINDS-i","0.0","0.0","0.0","0.0","Units",""
"__export__.product_template_596_bfd9bcd3","Tracking# 559834463560","","MINDS-i","1.0","0.0","0.0","0.0","Units",""
"__export__.product_template_594_b205b13b","Tracking#: 225631456","","MINDS-i","1.0","0.0","0.0","0.0","Units",""
"__export__.product_template_308_73bc9303","U-JOINT","F404","Tim Lines","4.0","0.77","663.0","-248.0","Units",""
"__export__.product_template_162_6095020b","U-JOINT SET SCREW","G408","Tim Lines","2.0","0.35000000000000003","7113.0","6472.0","Units",""
"__export__.product_template_622_b50d64a9","UAV Competition APM","","MINDS-i","1.0","0.0","0.0","0.0","Units",""
"__export__.product_template_418_94af4721","UAV DRONE GIMBAL RIG","MCK-DRGY-001","MINDS-i","2500.0","0.0","0.0","3.0","Units",""
"__export__.product_template_328_77795c5b","UAV DRONE GIMBAL RIG INSTRUCTIONS","E306","Chris Lines","9.4","9.4","23.0","2.0","Units",""
"__export__.product_template_1_c2b8b71d","UAV DRONE LAB","MCK-UALB-MR2","MINDS-i","3100.0","0.0","15.0","-3.0","Units",""
"__export__.product_template_411_72ffafa2","UGV UPGRADE","A901","Tim Lines","1.0","0.0","0.0","1.0","Units",""
"__export__.product_template_553_1bcf85ca","UGV UPGRADE BAG 1: BEAMS","A802","MINDS-i","1.0","0.0","2.0","1.0","Units",""
"__export__.product_template_554_9915b3ae","UGV UPGRADE BAG 2: CONNECTORS","A801","MINDS-i","1.0","0.0","28.0","25.0","Units",""
"__export__.product_template_555_fc2a24d6","UGV UPGRADE BAG 3: ELECTRONICS","A803","MINDS-i","1.0","0.0","3.0","0.0","Units",""
"__export__.product_template_253_933d8bc6","UGV UPGRADE INSTRUCTIONS","","Tim Lines","1.0","0.0","0.0","0.0","Units",""
"__export__.product_template_69_24057f72","USB DRIVE","F604","Tim Lines","5.25","5.25","254.0","55.0","Units","Alert"
"__export__.product_template_208_bc17b720","VELCRO BALL","","Tim Lines","1.0","0.0","433.0","426.0","Units",""
"__export__.product_template_44_3927aab5","VELCRO HOOK 12""","E802A","Tim Lines","1.0","0.0","11.0","-74.0","Units",""
"__export__.product_template_511_d1506750","VELCRO HOOK 2.5""","","MINDS-i","1.0","0.0","0.0","-22.0","Units",""
"__export__.product_template_636_e971c4c2","VELCRO HOOK ROLL","","MINDS-i","1.0","0.0","4500.0","4500.0","in",""
"__export__.product_template_45_8f7f568e","VELCRO LOOP 12""","E802B","Tim Lines","1.0","0.0","1.0","-84.0","Units",""
"__export__.product_template_635_45446d26","VELCRO LOOP 2.5""","","MINDS-i","1.0","0.0","0.0","0.0","Units",""
"__export__.product_template_637_706faa39","VELCRO LOOP ROLL","","MINDS-i","1.0","0.0","2880.0","2880.0","in",""
"__export__.product_template_46_7cf704c1","VELCRO STRAPS","E702","Tim Lines","1.0","0.0","110.0","-19.0","Units",""
"__export__.product_template_289_19577378","VOLTAGE REGULATOR","B804","Tim Lines","1.0","0.0","85.0","13.0","Units",""
"__export__.product_template_26_35591bef","WHITE SILICONE CAP","F807","Tim Lines","1.0","0.7000000000000001","260.0","260.0","Units",""
"__export__.product_template_62_a1c4832d","X BOTTOM PLATE","E503A","Tim Lines","1.0","0.0","21.0","19.0","Units",""
"__export__.product_template_61_7f439acb","X TOP PLATE","E504A","Tim Lines","1.0","0.0","1.0","1.0","Units",""
"__export__.product_template_626_b767eab9","XL Minds-i Shirt","","MINDS-i","1.0","0.0","0.0","0.0","Units",""
"__export__.product_template_290_4274f39b","Y-HARNESS FOR DUAL ESCS","F707","Tim Lines","1.0","0.0","284.0","283.0","Units",""
